StaffID,StaffName,StaffPhone,StaffGender,StaffAddress,StaffDOB,StaffSalary
ST00001,Lacey Chavez,+22164877182474,Female,Yecal Street 30,1997-04-02,4733181
ST00002,Doris Maxwell,+22116957495887,Female,Sirod Street 89,1998-10-06,3833281
ST00003,Meagan Christensen,+22199774425834,Female,Nagaem Street 15,1996-11-08,4093183
ST00004,Kathy Riley,+22137151725126,Female,Yhtak Street 90,1998-06-15,4309335
ST00005,Cherry Sims,+22158921735785,Male,Yrrehc Street 59,2000-02-21,3987499
ST00006,Murray Pineda,+22137755378158,Male,Yarrum Street 99,1998-07-16,2215005
ST00007,Shauna Bullock,+22186132781211,Male,Anuahs Street 17,1999-02-23,4187031
ST00008,Jerrold Bright,+22151868487928,Female,Dlorrej Street 36,2004-01-28,4331460
ST00009,Melva Waller,+22192892658676,Female,Avlem Street 5,1998-01-03,2852405
ST00010,Ernestine Griffith,+22126889327318,Male,Enitsenre Street 6,1997-05-11,2842456
ST00011,Sanford Spears,+22132216952818,Female,Drofnas Street 12,1991-08-10,2772020
ST00012,Zelma Hardin,+22116977847288,Male,Amlez Street 49,2001-03-19,4653730
ST00013,Lynn Bautista,+22139496158564,Male,Nnyl Street 88,1999-10-14,3479148
ST00014,Letitia Hart,+22189253241367,Male,Aititel Street 33,1996-11-11,2117092
ST00015,Humberto Evans,+22128515177442,Female,Otrebmuh Street 3,2001-03-02,3177273
ST00016,Claudette Jordan,+22194656258116,Male,Ettedualc Street 14,1997-09-08,2215197
ST00017,Terri Wilcox,+22191535231347,Female,Irret Street 11,1998-07-27,3371009
ST00018,Nadine Stark,+22189288294865,Male,Enidan Street 86,2004-03-06,2633653
ST00019,Louie Pollard,+22163263391555,Female,Eiuol Street 13,2001-10-02,3947813
ST00020,Loren Oconnor,+22194866891765,Female,Nerol Street 77,1996-07-18,4725588
ST00021,Kyle Leon,+22148947692913,Female,Elyk Street 56,1997-02-05,3071461
ST00022,Elmo Dudley,+22172728938977,Female,Omle Street 41,1996-06-19,3909991
ST00023,Rex Mayo,+22133369324522,Male,Xer Street 83,2003-01-25,4433358
ST00024,Eleanor Cherry,+22116559519575,Male,Ronaele Street 34,1998-07-19,4839508
ST00025,Cleveland Dillon,+22156422597791,Male,Dnalevelc Street 96,2000-05-25,2090648
ST00026,Cherry Dixon,+22164218172162,Female,Yrrehc Street 50,1998-04-08,4418325
ST00027,Mari Bauer,+22174369694377,Female,Iram Street 92,1998-06-15,4394325
ST00028,Curtis Benitez,+22126113513872,Female,Sitruc Street 98,1999-02-02,4516427
ST00029,Lesley Rich,+22176656387494,Female,Yelsel Street 4,1997-07-04,4423773
ST00030,Debora Matthews,+22191225474345,Male,Arobed Street 50,2004-05-20,2988259
ST00031,Eddie Bean,+22131175524852,Female,Eidde Street 15,1998-09-02,2024390
ST00032,Evangelina Allen,+22145565191846,Female,Anilegnave Street 13,2003-07-15,2506601
ST00033,Lelia Ritter,+22159293247751,Male,Ailel Street 1,1998-12-15,4277478
ST00034,Bettie Collier,+22178153971317,Male,Eitteb Street 95,1998-06-17,3776733
ST00035,Erna Galloway,+22155362528143,Male,Anre Street 82,1993-12-24,2817803
ST00036,Jenna Werner,+22157516714725,Female,Annej Street 31,1993-08-15,3948956
ST00037,Ashley Stark,+22193376668231,Female,Yelhsa Street 34,1995-02-11,3042136
ST00038,Mai Davenport,+22131122296866,Female,Iam Street 42,1996-01-14,2306628
ST00039,Sherri Barr,+22191936146261,Female,Irrehs Street 32,1993-01-10,2577268
ST00040,Kristina Howell,+22112571957234,Male,Anitsirk Street 69,2000-02-27,3681096
ST00041,Beatriz Ortega,+22162986474381,Female,Zirtaeb Street 36,1990-08-28,2682584
ST00042,Marcel Suarez,+22184578325253,Female,Lecram Street 74,2001-08-12,2230046
ST00043,Juanita Brooks,+22138998447357,Male,Atinauj Street 90,1998-12-15,2886736
ST00044,Frederic Zimmerman,+22128547377212,Male,Cirederf Street 73,1993-04-06,2188870
ST00045,Carlene Koch,+22162393446561,Male,Enelrac Street 97,1990-05-10,4756426
ST00046,Lyle Barry,+22198821472893,Male,Elyl Street 62,2004-04-04,4361692
ST00047,Enid Burns,+22155924273168,Male,Dine Street 19,1993-04-06,4292623
ST00048,Vanessa Lane,+22183869826111,Female,Assenav Street 75,1993-11-18,4848812
ST00049,Roderick Cisneros,+22188777295454,Male,Kciredor Street 83,1999-06-17,3410036
ST00050,Albert Barker,+22148519954863,Male,Trebla Street 54,1999-05-08,2898787
ST00051,Carter Huang,+22186214282428,Male,Retrac Street 77,1995-09-25,4741908
ST00052,Stacey Paul,+22182214927711,Male,Yecats Street 36,1993-02-23,4730230
ST00053,Kasey Mata,+22172367176426,Female,Yesak Street 65,1999-12-26,4086120
ST00054,Lois Good,+22188128568663,Female,Siol Street 46,1992-04-27,2571124
ST00055,Maribel Barnett,+22155872969615,Male,Lebiram Street 1,1998-03-11,3795739
ST00056,Andrea Woodard,+22148877731424,Male,Aerdna Street 81,1991-06-06,3948144
ST00057,Dolores Kelley,+22171471692393,Male,Serolod Street 98,2004-10-05,2865640
ST00058,Stacey Downs,+22194989613491,Male,Yecats Street 67,2003-12-14,4660969
ST00059,Rachelle Esparza,+22192412164446,Female,Ellehcar Street 1,1997-05-24,4215088
ST00060,Florine Guzman,+22154285231111,Female,Enirolf Street 42,2000-03-15,4879103
ST00061,Consuelo Waller,+22197628215133,Female,Oleusnoc Street 27,1993-12-09,2636797
ST00062,Katelyn Nicholson,+22123897745372,Male,Nyletak Street 66,1999-07-20,2412212
ST00063,Jefferey French,+22126933581624,Female,Yereffej Street 49,1996-01-16,4649639
ST00064,Rolland Yang,+22136892687316,Female,Dnallor Street 58,1995-10-13,4653763
ST00065,Yong Gregory,+22165928737336,Male,Gnoy Street 92,1993-10-06,4516451
ST00066,Melva Stuart,+22164993229979,Male,Avlem Street 35,2003-02-03,3360741
ST00067,Angela Stanley,+22112838365698,Male,Alegna Street 48,1996-12-15,3370820
ST00068,Stephen Spencer,+22198176627825,Male,Nehpets Street 86,2003-04-12,4294422
ST00069,Leslie Drake,+22164714511335,Male,Eilsel Street 76,1996-05-22,2464216
ST00070,Toby Finley,+22197628325563,Male,Ybot Street 71,2003-04-23,4869099
ST00071,Faye Owens,+22137392112598,Male,Eyaf Street 53,2002-01-12,4554643
ST00072,Clint Marsh,+22183417654241,Female,Tnilc Street 27,1991-04-01,4504899
ST00073,Maribel Matthews,+22141659287415,Female,Lebiram Street 64,1993-07-13,3973076
ST00074,Sybil Moyer,+22146513442387,Female,Libys Street 63,1996-09-07,3552565
ST00075,Kent Clark,+22152933589528,Male,Tnek Street 26,1998-04-09,2368021
ST00076,Allie Knight,+22192975921298,Male,Eilla Street 65,1990-09-17,4385884
ST00077,Dominique Escobar,+22154691641161,Female,Euqinimod Street 40,1993-02-25,4528538
ST00078,Georgia Woodard,+22151892915537,Male,Aigroeg Street 89,2004-11-25,4890725
ST00079,Mel Aguilar,+22126428138468,Male,Lem Street 57,2004-06-27,2777957
ST00080,Brandi Maddox,+22124615135646,Female,Idnarb Street 37,2002-05-28,3233442
ST00081,Luz Higgins,+22176371558332,Female,Zul Street 41,1995-04-27,3210179
ST00082,Tessa Sampson,+22122131183629,Female,Asset Street 33,1997-11-16,2223636
ST00083,Elsa Jenkins,+22138765855612,Female,Asle Street 31,1996-04-18,2423849
ST00084,Mark Haas,+22181533722779,Male,Kram Street 55,1995-04-21,4080124
ST00085,Tristan Herring,+22126931383797,Female,Natsirt Street 54,1995-08-13,2155700
ST00086,Basil Mooney,+22114496316367,Male,Lisab Street 93,2002-12-19,3201890
ST00087,Melissa Vargas,+22133131831527,Female,Assilem Street 69,2000-06-19,3461964
ST00088,Lynette Nicholson,+22114517145483,Male,Ettenyl Street 56,1998-03-27,3498332
ST00089,Sasha Schmitt,+22121383661927,Male,Ahsas Street 62,1991-02-15,2242638
ST00090,Norbert Shaw,+22149474575823,Female,Trebron Street 15,2002-06-28,2537506
ST00091,Kellie Walsh,+22139834134839,Female,Eillek Street 50,2001-08-17,2502599
ST00092,Jasmine Mills,+22167751455135,Female,Enimsaj Street 54,1993-11-27,3420942
ST00093,Jill Montes,+22138923759931,Male,Llij Street 95,1996-12-01,4153955
ST00094,Christina Cordova,+22147222517569,Female,Anitsirhc Street 41,1995-09-27,4667794
ST00095,Sheree Howe,+22176395783232,Male,Eerehs Street 94,1993-05-20,4420386
ST00096,Allison Woodard,+22156724367134,Male,Nosilla Street 54,2000-11-01,3129491
ST00097,Eugene Peck,+22123746556955,Female,Enegue Street 7,1994-01-20,3148333
ST00098,Morgan Burke,+22157324225543,Male,Nagrom Street 45,1990-03-03,3042038
ST00099,Bertha House,+22196624963411,Male,Ahtreb Street 48,1999-08-10,3862727
ST00100,Foster Poole,+22131145887853,Female,Retsof Street 73,2001-04-08,4416050
ST00101,Maryann Ward,+22134784942511,Female,Nnayram Street 85,2000-05-03,2362532
ST00102,Marva Rubio,+22177947973996,Male,Avram Street 56,1995-02-03,2088523
ST00103,Stephan Duncan,+22141211854363,Female,Nahpets Street 43,1994-01-02,4622061
ST00104,August Shepard,+22146383629116,Female,Tsugua Street 6,2003-11-16,4049933
ST00105,Lourdes Stafford,+22181917267769,Male,Sedruol Street 74,2002-01-14,4135023
ST00106,Ana Payne,+22127276359191,Male,Ana Street 18,2003-07-28,2612490
ST00107,Rhea Guzman,+22194944555847,Female,Aehr Street 85,1992-02-25,2973089
ST00108,Elmer Craig,+22165452842194,Female,Remle Street 96,2000-12-06,4416762
ST00109,Kelly Carrillo,+22127491944697,Male,Yllek Street 2,2001-08-05,4044037
ST00110,Leonel White,+22163373671735,Male,Lenoel Street 4,1993-02-02,3790195
ST00111,Elvia Henderson,+22143995623546,Female,Aivle Street 79,1990-05-13,3218986
ST00112,Carmella Weiss,+22133319771671,Male,Allemrac Street 32,2001-10-24,2885361
ST00113,Connie Henry,+22118784735676,Male,Einnoc Street 28,1991-01-01,2754163
ST00114,Michael Graves,+22145614484372,Female,Leahcim Street 13,1999-11-23,4836486
ST00115,Inez Foster,+22141176897545,Male,Zeni Street 16,2001-08-06,2428350
ST00116,Lance Jensen,+22143269294318,Female,Ecnal Street 5,1990-05-14,3359528
ST00117,Rosanna Serrano,+22171859699828,Male,Annasor Street 10,1998-05-08,3370356
ST00118,Federico Travis,+22119575537817,Female,Ociredef Street 99,2004-08-13,4417898
ST00119,Julio Zimmerman,+22147597473394,Male,Oiluj Street 42,1990-05-27,3813617
ST00120,Herbert Gilmore,+22199155153888,Male,Trebreh Street 59,1994-10-01,3253730
ST00121,Lillie Terry,+22114798413287,Female,Eillil Street 100,2003-02-12,3666988
ST00122,Jillian Melendez,+22197943357416,Female,Naillij Street 28,1990-02-15,4040110
ST00123,Bob Rubio,+22171673579184,Female,Bob Street 56,2000-11-03,3211458
ST00124,Estelle Armstrong,+22133678397888,Female,Elletse Street 89,1998-08-24,2554991
ST00125,Rachelle Duran,+22155248164565,Male,Ellehcar Street 60,2004-10-22,2810916
ST00126,Javier Reed,+22192641195629,Male,Reivaj Street 100,1995-03-16,3826509
ST00127,Alvin Benton,+22155976816311,Female,Nivla Street 23,1990-04-27,2792858
ST00128,Martin Carey,+22156152472861,Female,Nitram Street 23,2004-03-06,2396606
ST00129,Ruben Munoz,+22115997271251,Female,Nebur Street 55,1999-11-13,3525314
ST00130,Lamar Boyle,+22116635921674,Female,Ramal Street 54,2002-01-17,2151739
ST00131,Leonel Lucas,+22157724778247,Male,Lenoel Street 46,2000-10-28,3430133
ST00132,Travis May,+22139683673827,Female,Sivart Street 56,1992-05-12,4420502
ST00133,Eula Juarez,+22124788725361,Female,Alue Street 26,1992-10-24,2793911
ST00134,Eldon Herring,+22175919468216,Male,Nodle Street 82,2002-04-04,4930744
ST00135,Miles Wong,+22155231724376,Female,Selim Street 23,1994-09-08,2819443
ST00136,Tonia Esparza,+22162698328124,Male,Ainot Street 59,1990-12-11,4488587
ST00137,Marquita Holmes,+22195318681638,Male,Atiuqram Street 57,1991-03-17,4330312
ST00138,Adele Wiggins,+22133935437768,Female,Eleda Street 51,1996-03-25,4255396
ST00139,Rodger White,+22139434749131,Female,Regdor Street 65,2000-09-09,4705521
ST00140,Lupe Rice,+22194344712437,Male,Epul Street 93,2004-10-24,4272320
ST00141,Ruben Mccoy,+22118799329686,Male,Nebur Street 38,1995-11-05,3556737
ST00142,Jerry Woodward,+22148356189911,Male,Yrrej Street 93,2002-07-13,4716898
ST00143,Rodrigo Snyder,+22183324571866,Male,Ogirdor Street 76,2003-12-21,4227213
ST00144,Rico Moses,+22183877548977,Male,Ocir Street 49,1999-03-14,2896602
ST00145,Terrance Leonard,+22156924822132,Male,Ecnarret Street 79,1995-08-16,4390557
ST00146,Jackie Fields,+22175821846662,Female,Eikcaj Street 53,1996-02-22,3603172
ST00147,Kerry Gray,+22124337316368,Female,Yrrek Street 31,1991-12-18,3368352
ST00148,Greg Buckley,+22143583919233,Female,Gerg Street 90,2003-10-22,4170352
ST00149,Carey Carpenter,+22166483911732,Female,Yerac Street 43,1997-11-27,4454230
ST00150,Bette Graham,+22199446996383,Male,Etteb Street 4,2003-04-10,2718971
ST00151,Lilian Ashley,+22134923151472,Male,Nailil Street 33,1992-11-15,3466605
ST00152,Elisa Oconnell,+22181763857492,Male,Asile Street 6,1999-10-24,4623132
ST00153,Cora Robertson,+22152877941182,Male,Aroc Street 8,2003-09-12,3833892
ST00154,Reggie Moran,+22122937416227,Male,Eigger Street 65,2003-06-05,2270859
ST00155,Roslyn Velazquez,+22164431943781,Female,Nylsor Street 47,1998-10-21,4688532
ST00156,Abby Wiley,+22162612193517,Female,Ybba Street 67,2002-12-06,4038772
ST00157,Parker Lane,+22123979536331,Female,Rekrap Street 59,1993-02-02,3403317
ST00158,Lourdes Rich,+22124215854937,Female,Sedruol Street 20,1999-03-06,3719907
ST00159,Phyllis Herring,+22195924165621,Female,Sillyhp Street 63,1999-07-04,2218191
ST00160,Jarvis Dickson,+22197735581757,Male,Sivraj Street 77,1995-01-25,2095597
ST00161,Brittney Wilkerson,+22138963344634,Male,Yenttirb Street 16,2004-06-03,3090649
ST00162,Sean Chavez,+22149221429715,Female,Naes Street 50,2004-08-26,4952063
ST00163,Marietta Jacobs,+22194968834139,Male,Atteiram Street 67,2004-04-12,3153601
ST00164,Enrique Stewart,+22121654493572,Female,Euqirne Street 73,1999-03-20,2153150
ST00165,Raphael Summers,+22156886499178,Male,Leahpar Street 63,1996-02-18,3488539
ST00166,Celina Crane,+22152739193973,Male,Anilec Street 58,1994-08-20,4738321
ST00167,Harriet Blair,+22191822149689,Male,Teirrah Street 34,2003-02-04,4826016
ST00168,Maricela Wiley,+22171624838594,Female,Aleciram Street 24,1993-10-12,3956081
ST00169,Stan Barron,+22116186368759,Female,Nats Street 27,1995-06-16,2791720
ST00170,Latasha Smith,+22195965837224,Female,Ahsatal Street 60,2001-12-22,2233078
ST00171,Fletcher Mendoza,+22186441816272,Male,Rehctelf Street 76,1998-08-02,3954997
ST00172,Judson Sanchez,+22191489528991,Male,Nosduj Street 31,1997-10-27,2888124
ST00173,Douglas Manning,+22159528284458,Female,Salguod Street 52,2000-02-10,2744830
ST00174,Greta Small,+22192631762795,Male,Aterg Street 69,1997-11-13,2825346
ST00175,Linwood Beltran,+22185143248415,Male,Doownil Street 11,1992-07-08,3041386
ST00176,Damien Blankenship,+22166432469859,Male,Neimad Street 96,2003-12-01,4364345
ST00177,Essie Terry,+22139821654881,Female,Eisse Street 3,1990-05-02,3730348
ST00178,Coleman Trevino,+22113462764654,Male,Nameloc Street 30,1996-10-28,2595452
ST00179,Jonas Mckinney,+22167125779745,Female,Sanoj Street 64,1999-08-23,3045379
ST00180,Jewell Pennington,+22145323876543,Male,Llewej Street 17,1991-10-17,3785948
ST00181,Aaron Herrera,+22157379868622,Female,Noraa Street 42,1991-09-21,4484649
ST00182,Augustine Arias,+22185279418938,Female,Enitsugua Street 19,1993-08-20,2224771
ST00183,Roxie Armstrong,+22124248352591,Male,Eixor Street 75,1996-03-16,3704612
ST00184,Alfonzo Willis,+22123293996725,Male,Oznofla Street 62,2001-01-07,4768980
ST00185,Newton Sullivan,+22181174756891,Female,Notwen Street 1,1999-06-27,4721497
ST00186,Cara Leon,+22136559562828,Female,Arac Street 93,2004-06-14,2074731
ST00187,Foster Conway,+22153245767187,Male,Retsof Street 9,1994-09-10,4210338
ST00188,Fanny Brooks,+22155499467647,Female,Ynnaf Street 19,1997-11-26,3930982
ST00189,Tanner Peterson,+22146551282251,Female,Rennat Street 91,1990-01-14,4703979
ST00190,Lorena Page,+22176211236721,Female,Anerol Street 41,1997-08-24,4904200
ST00191,Jeannette Lindsey,+22188675357577,Male,Ettennaej Street 11,1994-08-09,3073590
ST00192,Natalie Branch,+22183141874628,Female,Eilatan Street 26,1995-12-18,3607790
ST00193,Elbert Bender,+22173975977551,Male,Treble Street 36,1997-02-11,2762168
ST00194,Diann Quinn,+22135561465637,Male,Nnaid Street 73,1996-05-20,2968187
ST00195,Kory Shelton,+22153864633648,Female,Yrok Street 53,2004-06-24,4584509
ST00196,Bennett Douglas,+22167489387945,Female,Ttenneb Street 6,2002-03-12,4807270
ST00197,Tameka Marks,+22163461291931,Female,Akemat Street 26,1993-04-20,3722493
ST00198,Leticia Matthews,+22173441881944,Female,Aicitel Street 71,1999-04-06,2967799
ST00199,Elisabeth Beltran,+22186285456843,Male,Htebasile Street 32,1994-07-15,2285794
ST00200,Maryellen Malone,+22148811561561,Male,Nelleyram Street 12,1998-09-14,2949867
ST00201,Leonard Stafford,+22191765216645,Male,Dranoel Street 10,1990-09-21,3655135
ST00202,Les Larson,+22199721386577,Male,Sel Street 63,1997-10-15,3957135
ST00203,Darryl Mcfarland,+22155882288465,Female,Lyrrad Street 61,2001-11-24,3557228
ST00204,Dexter Figueroa,+22172378297167,Female,Retxed Street 66,1990-11-04,3272622
ST00205,Ramiro Zhang,+22139583964998,Female,Orimar Street 86,1991-06-01,3745625
ST00206,Cecelia Oneal,+22129247283319,Male,Ailecec Street 13,1993-04-27,4504945
ST00207,Rosalind Gardner,+22163321434297,Male,Dnilasor Street 40,1999-07-07,3452138
ST00208,Debra Dixon,+22191188941192,Female,Arbed Street 83,1990-04-24,2154170
ST00209,Dollie Arnold,+22142315171974,Male,Eillod Street 7,2000-02-13,3484390
ST00210,Vaughn Mcdaniel,+22144528492186,Male,Nhguav Street 40,1994-06-26,2562010
ST00211,Lloyd Cervantes,+22157981959817,Male,Dyoll Street 22,1995-08-14,2499538
ST00212,Darrell Mcdowell,+22157742783986,Female,Llerrad Street 73,1991-03-10,3694474
ST00213,Shauna Solomon,+22146368197398,Female,Anuahs Street 22,1992-09-07,2782371
ST00214,Madeleine Carlson,+22147433892469,Female,Enieledam Street 77,2002-02-14,3474286
ST00215,Becky Herrera,+22165383823381,Female,Ykceb Street 1,1990-10-03,2168141
ST00216,Nicole Archer,+22116541362252,Male,Elocin Street 75,1991-09-08,2359963
ST00217,Nannie Ramos,+22177584836843,Female,Einnan Street 71,1992-04-03,2532350
ST00218,Crystal Roth,+22173153513231,Male,Latsyrc Street 77,1994-06-22,2788788
ST00219,Janis Salinas,+22123792273631,Female,Sinaj Street 57,2001-08-01,3633309
ST00220,Wilfredo Davidson,+22178837336687,Male,Oderfliw Street 97,1995-01-24,3935764
ST00221,Courtney Blankenship,+22145657717294,Male,Yentruoc Street 51,2004-10-01,2032495
ST00222,Luz Mooney,+22124739343726,Female,Zul Street 79,1998-04-25,4094911
ST00223,Jamie Mcgee,+22129924856712,Female,Eimaj Street 66,1998-12-27,4012126
ST00224,Rufus Leonard,+22139794414486,Female,Sufur Street 3,1993-08-07,3274893
ST00225,Javier Schmidt,+22183556687296,Male,Reivaj Street 2,2004-02-14,2486706
ST00226,Cyrus Shaw,+22199885887876,Male,Suryc Street 12,2004-06-17,2579706
ST00227,Gloria Jackson,+22135226998584,Female,Airolg Street 69,1998-07-07,2100779
ST00228,Ed Abbott,+22149618113941,Male,De Street 51,1990-10-02,4573670
ST00229,Annie Evans,+22125968972446,Female,Einna Street 84,1994-09-23,4588114
ST00230,Krista Chavez,+22164833344371,Female,Atsirk Street 79,2001-03-22,2867808
ST00231,Haley Bush,+22186882433731,Female,Yelah Street 92,2002-11-03,3271758
ST00232,Debra Hahn,+22152973247558,Male,Arbed Street 40,1999-08-14,2521994
ST00233,Jeanine Petty,+22177897126316,Male,Eninaej Street 32,1992-04-12,3834575
ST00234,Irwin Foley,+22171632668721,Female,Niwri Street 18,1990-03-09,2330532
ST00235,Dexter Cain,+22142754382547,Male,Retxed Street 54,2001-11-01,2595035
ST00236,Milton Oneal,+22148921898836,Male,Notlim Street 55,1991-06-22,2079041
ST00237,Aisha Mcbride,+22152651815372,Female,Ahsia Street 40,1991-02-05,2689027
ST00238,Natalie Bradford,+22111743326143,Female,Eilatan Street 21,1999-08-03,3345241
ST00239,Christoper Dominguez,+22155332158455,Female,Repotsirhc Street 33,1993-08-21,4889213
ST00240,Marianne Warner,+22124572262686,Male,Ennairam Street 95,1995-01-03,4656004
ST00241,Rory Walton,+22156313847861,Female,Yror Street 54,1990-08-17,2032301
ST00242,Ernesto Jacobs,+22185643384546,Female,Otsenre Street 37,1991-08-12,3898220
ST00243,Blaine Moore,+22156134925468,Female,Enialb Street 68,2003-05-06,2158179
ST00244,Brandon Maddox,+22174299364821,Male,Nodnarb Street 55,1992-06-06,2029109
ST00245,Lesley Hess,+22196733587355,Male,Yelsel Street 68,1997-06-18,2309573
ST00246,Mitchell Mahoney,+22119175795131,Male,Llehctim Street 12,1996-09-25,2560921
ST00247,Dominique Best,+22129933242284,Female,Euqinimod Street 79,2004-08-08,2681830
ST00248,Kirsten Benitez,+22151382951575,Male,Netsrik Street 67,1998-11-24,4924949
ST00249,Clyde Delacruz,+22173493754246,Female,Edylc Street 99,1997-08-24,3859331
ST00250,Oscar Sanchez,+22139153688775,Male,Racso Street 69,2001-05-17,3968471
ST00251,Jordan Lane,+22198441579252,Female,Nadroj Street 30,1993-12-18,4664237
ST00252,Myrtle Bradshaw,+22192279766256,Male,Eltrym Street 37,2000-09-08,3262083
ST00253,Lori Mora,+22135493865754,Female,Irol Street 96,1995-09-19,3370071
ST00254,Elvira Jacobson,+22179187167488,Male,Arivle Street 64,1996-06-09,3033750
ST00255,Cleo Sexton,+22154352764722,Male,Oelc Street 8,1994-01-07,2319747
ST00256,Johnnie Park,+22127716597778,Male,Einnhoj Street 9,1991-09-09,2726480
ST00257,Elliott Christensen,+22162848387795,Female,Ttoille Street 7,2000-03-25,2263890
ST00258,Ina Downs,+22131977717791,Female,Ani Street 10,2000-04-17,4794897
ST00259,Nanette Mason,+22194798814974,Female,Ettenan Street 44,1994-08-07,2207039
ST00260,Sue Alvarez,+22112326854563,Male,Eus Street 3,1994-06-18,3033507
ST00261,Zane Hurst,+22179772855139,Female,Enaz Street 86,1993-09-03,4026363
ST00262,Victor Morse,+22111762628718,Male,Rotciv Street 43,1996-07-28,3599075
ST00263,Liz Kelly,+22149289532553,Male,Zil Street 55,1992-04-27,4017474
ST00264,Lizzie Dillon,+22132464634386,Male,Eizzil Street 52,1996-12-27,2416240
ST00265,Alyson Moreno,+22165553626399,Male,Nosyla Street 53,2002-05-06,2738133
ST00266,Felicia Schmidt,+22194819747916,Male,Aicilef Street 76,1992-10-13,2379527
ST00267,Prince Irwin,+22129575785475,Male,Ecnirp Street 10,1991-04-10,3017932
ST00268,Mitchel Stephenson,+22165865698535,Female,Lehctim Street 81,1992-09-19,2437980
ST00269,Rickey Gonzalez,+22173753498433,Male,Yekcir Street 61,2000-07-05,4256474
ST00270,Patricia Sandoval,+22196971442649,Male,Aicirtap Street 10,1995-12-07,4476085
ST00271,Aron Kelly,+22168832864452,Female,Nora Street 50,2004-01-23,2266363
ST00272,Damion Hanson,+22179335955675,Female,Noimad Street 93,2002-09-02,2692803
ST00273,Reed Hill,+22172193949663,Male,Deer Street 3,1993-05-23,4865642
ST00274,Terry Bailey,+22123695137898,Male,Yrret Street 2,1997-11-18,4316858
ST00275,Luella Mccarthy,+22165896433375,Female,Alleul Street 24,2001-12-10,2483778
ST00276,Emmett Buck,+22169353227681,Female,Ttemme Street 1,1991-08-19,2295768
ST00277,Audrey West,+22172945911976,Female,Yerdua Street 74,1996-11-07,2198392
ST00278,Edgardo Frey,+22189111661672,Male,Odragde Street 80,2004-10-18,3599663
ST00279,Felix Mathis,+22126795558525,Male,Xilef Street 7,2000-05-28,2341945
ST00280,Malcolm Hood,+22143945135313,Male,Mloclam Street 46,1997-02-18,4963320
ST00281,Nolan Lester,+22129398952499,Female,Nalon Street 40,1992-10-10,3214441
ST00282,Rosemarie Johnston,+22163549478447,Male,Eiramesor Street 25,1991-03-20,2136131
ST00283,Rowena Harvey,+22145156293917,Male,Anewor Street 21,1992-04-18,3497699
ST00284,Ines Mendez,+22144626785987,Male,Seni Street 41,1997-02-25,3487843
ST00285,Tessa Norman,+22141962923161,Female,Asset Street 29,1995-12-01,4248562
ST00286,Madeleine Norton,+22112384672214,Female,Enieledam Street 27,2004-12-12,3681963
ST00287,Duane Leon,+22175619438348,Female,Enaud Street 62,2001-12-23,4360209
ST00288,Adan Bender,+22121899631717,Female,Nada Street 37,1993-06-25,3450260
ST00289,Charlotte Pierce,+22174749148381,Female,Ettolrahc Street 10,1994-10-19,4033959
ST00290,Stacy Patterson,+22157752178355,Male,Ycats Street 93,1997-02-19,3468625
ST00291,Leanne Sanford,+22147315656184,Female,Ennael Street 43,1992-12-22,4780490
ST00292,Kendall Sweeney,+22161345181286,Male,Lladnek Street 8,1995-04-18,4730250
ST00293,Kara Hickman,+22187829235977,Male,Arak Street 96,2000-03-21,4860986
ST00294,Taylor Garner,+22189986781331,Male,Rolyat Street 63,2001-03-13,4328736
ST00295,Bruno Woodard,+22136687638746,Male,Onurb Street 69,1997-01-20,4324063
ST00296,Denis Salinas,+22177964966749,Female,Sined Street 94,1995-07-04,4351246
ST00297,Denny Hudson,+22178337145548,Male,Ynned Street 81,2002-10-14,4064274
ST00298,Bobby Noble,+22119774121359,Male,Ybbob Street 89,2001-01-20,4712625
ST00299,Nelson Harper,+22112131558866,Female,Noslen Street 37,2003-08-03,4593070
ST00300,Amanda Roberts,+22184393749149,Male,Adnama Street 24,1997-03-16,3328362
ST00301,Sue Brennan,+22111389994964,Male,Eus Street 79,2002-03-05,4649617
ST00302,Leanne Vaughan,+22163919644496,Male,Ennael Street 67,1997-11-08,4479133
ST00303,Weston Wells,+22115242523746,Female,Notsew Street 82,1996-12-10,2812895
ST00304,Oscar Navarro,+22131165545789,Male,Racso Street 52,2000-02-17,4407729
ST00305,Alicia Hansen,+22136313422389,Male,Aicila Street 16,1996-02-24,4329443
ST00306,Gilda Livingston,+22139486823149,Male,Adlig Street 100,1998-09-22,4433642
ST00307,Flossie Daniel,+22162522565682,Female,Eissolf Street 84,2001-11-11,2362406
ST00308,Carmen Rosales,+22136878963826,Female,Nemrac Street 59,1996-01-28,3040141
ST00309,Garland Davis,+22148981127955,Male,Dnalrag Street 85,1991-01-17,4892618
ST00310,Reva Benjamin,+22143141162631,Male,Aver Street 10,1998-07-02,2022201
ST00311,Andrew Valentine,+22119996582851,Female,Werdna Street 23,2000-05-02,4115841
ST00312,Amber Watts,+22138995247475,Female,Rebma Street 41,1992-09-13,4003657
ST00313,Corine Cruz,+22112493421364,Male,Eniroc Street 54,1994-05-18,4087236
ST00314,Billie Esparza,+22195856894335,Male,Eillib Street 32,2001-09-14,2751462
ST00315,Tommie Rojas,+22149831786626,Female,Eimmot Street 53,2004-07-28,4972676
ST00316,Joey Richmond,+22163871616693,Male,Yeoj Street 31,1998-06-23,3737830
ST00317,Briana Moore,+22175513288878,Female,Anairb Street 45,1998-06-05,3765871
ST00318,Carolina Winters,+22181534295825,Male,Anilorac Street 52,2001-06-24,2560203
ST00319,Christopher Rosario,+22127837312813,Male,Rehpotsirhc Street 38,2003-12-19,2434632
ST00320,Sonny Romero,+22155699262764,Male,Ynnos Street 37,2002-07-27,2534302
ST00321,Sidney Rubio,+22148153918319,Female,Yendis Street 30,1993-07-23,2266258
ST00322,Nichole Santana,+22114641226151,Male,Elohcin Street 7,1994-09-24,4726625
ST00323,Cliff Salazar,+22189319851836,Male,Ffilc Street 73,1998-04-10,4300415
ST00324,Diann Nicholson,+22191997595766,Female,Nnaid Street 5,2001-01-18,2879803
ST00325,Stephanie Stout,+22172229651135,Male,Einahpets Street 22,1999-03-24,4479377
ST00326,Hiram Horton,+22168251683586,Female,Marih Street 69,1990-04-26,2407111
ST00327,Ruth Reeves,+22126315593449,Female,Htur Street 66,1997-09-06,4533485
ST00328,Rico Hatfield,+22118781621233,Male,Ocir Street 25,1995-04-10,4678575
ST00329,Janice Leonard,+22189764258757,Female,Ecinaj Street 50,1999-03-14,2960963
ST00330,Jessie Lam,+22124647519549,Male,Eissej Street 67,2002-07-13,2877292
ST00331,Eugenia Huerta,+22146749235351,Male,Ainegue Street 99,1992-07-03,2692557
ST00332,Kristopher Johnston,+22112195538737,Male,Rehpotsirk Street 55,1998-11-11,4342630
ST00333,Mindy Fuentes,+22139621686836,Female,Ydnim Street 78,1993-03-28,3461784
ST00334,Jeannie Rodriguez,+22113156689255,Female,Einnaej Street 21,1996-11-11,2736012
ST00335,Deandre Sweeney,+22162441842673,Female,Erdnaed Street 60,2001-06-24,4345207
ST00336,Janis Lam,+22117236895395,Female,Sinaj Street 41,2003-01-12,3237301
ST00337,Clarice Medina,+22132188575491,Female,Eciralc Street 42,2002-03-01,4226009
ST00338,April Peters,+22128342913839,Female,Lirpa Street 6,1991-04-28,2832792
ST00339,Agustin Leon,+22149833791734,Male,Nitsuga Street 8,2001-10-16,4829645
ST00340,Dena Benitez,+22128596187737,Female,Aned Street 30,1997-04-12,4235278
ST00341,Marquita Cline,+22172189845637,Male,Atiuqram Street 67,1990-05-25,3761472
ST00342,Jame Schultz,+22114541899118,Male,Emaj Street 69,2001-07-20,2752806
ST00343,Marcelo Mayo,+22123322787832,Female,Olecram Street 84,2000-09-20,3341563
ST00344,Lila Curtis,+22126476565827,Male,Alil Street 20,1995-07-07,3708752
ST00345,Lorenzo Maldonado,+22195956681516,Female,Oznerol Street 41,1999-06-23,4101942
ST00346,Corinne Glover,+22158547187989,Female,Enniroc Street 58,1996-12-28,4244297
ST00347,Howard Bradshaw,+22182654165652,Male,Drawoh Street 87,2000-10-04,3448962
ST00348,Lanny Benson,+22179742151553,Male,Ynnal Street 76,1997-05-01,4909030
ST00349,Anibal Estrada,+22183514283558,Female,Labina Street 86,1994-02-13,2096630
ST00350,Federico Wu,+22154222422564,Male,Ociredef Street 68,1999-05-06,3782593
ST00351,Gilberto Pham,+22115415965953,Female,Otreblig Street 72,2001-02-15,4236198
ST00352,Ross Downs,+22126398495973,Male,Ssor Street 11,1990-03-20,3586943
ST00353,Dean Patrick,+22137427557178,Female,Naed Street 63,1994-08-28,2097491
ST00354,Tia Blackwell,+22192981817291,Male,Ait Street 10,1997-03-10,4229194
ST00355,Darcy Davies,+22131847157729,Female,Ycrad Street 55,2002-02-13,2498907
ST00356,Dominique Villarreal,+22136767369636,Male,Euqinimod Street 40,1999-07-02,4091402
ST00357,Arnulfo Blair,+22183991871971,Male,Oflunra Street 44,1990-10-03,4306304
ST00358,Hal Cisneros,+22129345332237,Female,Lah Street 86,1996-12-26,4917008
ST00359,Mari Mcintyre,+22162271984852,Female,Iram Street 73,1990-08-11,2715135
ST00360,Stephan Villegas,+22156788724484,Male,Nahpets Street 51,1993-11-25,4833451
ST00361,Rodolfo Patrick,+22174113333381,Female,Oflodor Street 6,2001-05-09,4799513
ST00362,Shelly Garner,+22146577627141,Female,Yllehs Street 61,1998-08-02,3338475
ST00363,Porfirio Curtis,+22153838363935,Female,Oirifrop Street 44,1995-04-23,2836529
ST00364,Elisa Richmond,+22121634388739,Male,Asile Street 80,1996-02-22,2952024
ST00365,Sallie Frederick,+22143594226248,Female,Eillas Street 8,1995-06-27,3573225
ST00366,Gilbert Maddox,+22125353826269,Male,Treblig Street 45,1996-06-25,2526939
ST00367,Judy Solomon,+22146715681452,Female,Yduj Street 90,2004-12-03,3978182
ST00368,Greta Barron,+22194621372394,Female,Aterg Street 29,1999-10-16,4647444
ST00369,Faustino Rodriguez,+22179696547898,Female,Onitsuaf Street 44,2003-06-21,4244322
ST00370,Russel Quinn,+22142659388222,Male,Lessur Street 81,2002-12-16,2733246
ST00371,Luz Sherman,+22161552555945,Male,Zul Street 13,1997-04-07,2246039
ST00372,Jean Mercado,+22142217493448,Male,Naej Street 29,1996-11-28,2348443
ST00373,Margie Rowland,+22166917269997,Male,Eigram Street 71,1992-06-18,2635770
ST00374,Kerry Burns,+22199762825741,Female,Yrrek Street 92,1992-01-22,2459334
ST00375,Rolando Banks,+22199217422131,Female,Odnalor Street 28,1999-06-14,2835334
ST00376,Reuben Dawson,+22181955797511,Female,Nebuer Street 58,2003-06-11,3592219
ST00377,Grace Wilson,+22181998488342,Male,Ecarg Street 8,1998-11-12,3064485
ST00378,Sofia Avila,+22162778672891,Male,Aifos Street 57,1998-12-22,2550407
ST00379,Suzanne Harvey,+22196441651233,Male,Ennazus Street 66,1990-12-23,2248984
ST00380,Shawna Walters,+22169492524435,Male,Anwahs Street 17,2000-12-02,2189819
ST00381,Jamel Fitzpatrick,+22186663669285,Male,Lemaj Street 76,2002-11-08,3811585
ST00382,Fabian Burton,+22144882162712,Female,Naibaf Street 76,2000-02-23,4450465
ST00383,Latonya Reese,+22174268659388,Male,Aynotal Street 26,1991-11-18,3426435
ST00384,Clarice Small,+22146934676345,Male,Eciralc Street 23,1993-01-13,3990971
ST00385,Ricardo Roth,+22133769754293,Female,Odracir Street 27,2003-10-09,4492187
ST00386,Stephan Goodman,+22195624577915,Female,Nahpets Street 37,2002-10-25,3698455
ST00387,Dale Marquez,+22119972811179,Male,Elad Street 2,2001-05-07,4155460
ST00388,Laurie Patton,+22154927388545,Male,Eirual Street 71,2004-03-26,2673240
ST00389,Althea Hartman,+22187266731941,Male,Aehtla Street 39,1995-01-21,4761450
ST00390,Stacy Whitney,+22122348831469,Female,Ycats Street 74,1993-07-18,3865510
ST00391,Wilbur Kent,+22185969182474,Male,Rubliw Street 46,2000-10-19,2774778
ST00392,Bettye Lowery,+22166743483435,Male,Eytteb Street 61,1993-10-25,3813579
ST00393,Doris Wheeler,+22167919853956,Female,Sirod Street 56,1990-01-22,4589301
ST00394,Rosella Mcpherson,+22128312153477,Female,Allesor Street 66,2003-01-22,4104831
ST00395,Waldo Garrison,+22173415453634,Female,Odlaw Street 91,1998-12-25,2374541
ST00396,Jewel Lee,+22192386297712,Female,Lewej Street 41,2002-11-11,2094292
ST00397,Imelda Weber,+22161792547326,Male,Adlemi Street 53,1994-12-09,3449481
ST00398,Jules Clarke,+22161299749211,Female,Seluj Street 25,2002-02-17,3924041
ST00399,Loretta Wallace,+22135671883699,Male,Atterol Street 15,1997-06-23,3573342
ST00400,Toni Hunter,+22149799928643,Female,Inot Street 22,2000-10-09,4895778
ST00401,Nellie Walsh,+22134544436131,Male,Eillen Street 41,2000-11-21,2496473
ST00402,Rodney Mckay,+22134458364235,Male,Yendor Street 64,2000-11-03,3434254
ST00403,Nadia Sawyer,+22144892572821,Female,Aidan Street 55,1991-06-28,3005978
ST00404,Lily Hays,+22194514185347,Male,Ylil Street 23,1994-04-13,4288879
ST00405,Melanie Donaldson,+22147542944693,Male,Einalem Street 9,1990-01-04,2430322
ST00406,Tommie Mccoy,+22174452953542,Female,Eimmot Street 59,1999-05-23,3787503
ST00407,Cleveland Wong,+22161345655849,Male,Dnalevelc Street 20,2000-08-19,2570945
ST00408,Meghan Bailey,+22112683738514,Female,Nahgem Street 9,2003-05-02,4802934
ST00409,Casey Bridges,+22136337146969,Male,Yesac Street 74,1993-03-06,2911069
ST00410,Bradley Mooney,+22122567283782,Male,Yeldarb Street 40,2004-04-19,2929241
ST00411,Thad Shaffer,+22126138792772,Female,Daht Street 91,1990-12-08,2228282
ST00412,Julio Wiggins,+22112884744365,Female,Oiluj Street 67,1997-07-01,4672670
ST00413,Luz Decker,+22161628247493,Male,Zul Street 6,2000-09-20,4921282
ST00414,Gregg Roberson,+22195818193686,Female,Ggerg Street 14,1993-11-28,3588271
ST00415,Gabriela Moody,+22139976727723,Female,Aleirbag Street 26,2003-08-02,3387444
ST00416,Vonda Shaw,+22142873261961,Female,Adnov Street 86,1993-06-25,3214513
ST00417,Claudia Arias,+22177483999778,Female,Aidualc Street 8,1991-11-09,3772417
ST00418,Marc Lawrence,+22169157572612,Male,Cram Street 28,2001-10-16,4162766
ST00419,Stephen Peterson,+22154377417634,Male,Nehpets Street 37,1991-03-28,3489696
ST00420,Houston Saunders,+22174135311316,Female,Notsuoh Street 18,1995-05-08,3703653
ST00421,Candice Larson,+22152551684738,Female,Ecidnac Street 31,1999-06-12,3124404
ST00422,Milton Green,+22167287515216,Female,Notlim Street 24,2002-08-08,4340818
ST00423,Terrie Pierce,+22195967835177,Male,Eirret Street 93,2001-12-11,3867670
ST00424,Berry Norris,+22131381395192,Male,Yrreb Street 11,1995-07-18,4884953
ST00425,Wilda Davila,+22174628895262,Male,Adliw Street 22,2004-02-10,2815900
ST00426,Raquel Barrett,+22157875724124,Female,Leuqar Street 97,1993-03-21,4621378
ST00427,Beth Compton,+22136387949827,Female,Hteb Street 64,1993-07-11,3548211
ST00428,Dan Andersen,+22154944378432,Male,Nad Street 5,1993-12-13,3510100
ST00429,Janna Patterson,+22176393663453,Male,Annaj Street 86,1991-09-11,3999468
ST00430,Morris Collins,+22129632541347,Female,Sirrom Street 56,1993-12-25,2919943
ST00431,Sara Vazquez,+22188488122494,Male,Aras Street 94,2003-05-13,3750451
ST00432,Richie Espinoza,+22129125734183,Female,Eihcir Street 15,1991-03-08,4547060
ST00433,Bennett Scott,+22133844958451,Female,Ttenneb Street 72,1995-07-28,2751174
ST00434,Wilda Padilla,+22112638418588,Female,Adliw Street 13,1992-09-24,4208729
ST00435,Jefferey Oconnor,+22153279694533,Male,Yereffej Street 50,1994-08-12,2938282
ST00436,Eduardo Raymond,+22152537331531,Female,Odraude Street 66,1999-05-04,3264003
ST00437,Jerald Baldwin,+22193663593549,Male,Dlarej Street 35,2003-10-28,3993167
ST00438,Ernesto Mack,+22191587964962,Female,Otsenre Street 3,1997-10-26,2222152
ST00439,Francis Roberson,+22129565591862,Male,Sicnarf Street 90,1994-10-12,3896899
ST00440,Ernest Jacobson,+22123844498976,Male,Tsenre Street 15,2002-01-04,3517346
ST00441,Alisa Wong,+22198393844981,Male,Asila Street 77,2000-02-19,3017443
ST00442,Joshua Brady,+22129659448468,Female,Auhsoj Street 26,1997-12-15,4528254
ST00443,Abraham Carter,+22153965412941,Male,Maharba Street 18,1997-04-04,3837375
ST00444,Ursula Garza,+22186263212187,Male,Alusru Street 43,1991-02-12,3545413
ST00445,Chi Sharp,+22159473128398,Female,Ihc Street 59,1999-12-10,3078079
ST00446,Melva Chaney,+22186723262571,Female,Avlem Street 49,1994-09-02,2912050
ST00447,Latasha Elliott,+22111536958347,Male,Ahsatal Street 63,1997-01-23,2544916
ST00448,Edwardo Dillon,+22126429418744,Female,Odrawde Street 45,1995-06-21,3466861
ST00449,Emil Savage,+22189543335665,Male,Lime Street 59,1993-08-21,2399379
ST00450,Lionel Bright,+22142675589632,Female,Lenoil Street 61,2000-06-02,3443632
ST00451,Marion Marshall,+22123236555772,Female,Noiram Street 48,1996-03-23,4795717
ST00452,Dominic Houston,+22129555886758,Female,Cinimod Street 45,1993-08-17,3412010
ST00453,Mindy Mayo,+22164633265283,Male,Ydnim Street 23,1993-01-11,3934156
ST00454,Roxie Weeks,+22162527753793,Female,Eixor Street 67,1999-05-01,3892009
ST00455,Celia Mayer,+22136867265247,Male,Ailec Street 54,1993-12-07,2861658
ST00456,Jay Davenport,+22148795396251,Male,Yaj Street 54,1991-05-14,4964079
ST00457,Jonah Stanley,+22185295746874,Female,Hanoj Street 16,1997-04-12,2009314
ST00458,Leslie Gill,+22141574141442,Female,Eilsel Street 78,1997-08-21,4900124
ST00459,Mariana Thompson,+22111432347441,Female,Anairam Street 7,1992-07-27,2660958
ST00460,Sallie Cross,+22112755684217,Female,Eillas Street 31,1998-04-04,3307864
ST00461,Bettye Bullock,+22187826567244,Female,Eytteb Street 5,2003-06-14,2563475
ST00462,Jonas Arroyo,+22152615364457,Female,Sanoj Street 20,1991-01-25,4912111
ST00463,Ahmed Duran,+22188943711414,Male,Demha Street 36,2001-03-03,3309358
ST00464,Patrica Duran,+22116199677126,Male,Acirtap Street 97,2002-02-05,2649441
ST00465,Jefferey David,+22198217227638,Female,Yereffej Street 14,2000-03-21,4036049
ST00466,Noelle Cooke,+22152545635435,Female,Elleon Street 29,2002-08-21,2056604
ST00467,Reuben Huang,+22183586641151,Male,Nebuer Street 1,2002-08-23,2581582
ST00468,Rudy Quinn,+22183926533644,Male,Ydur Street 42,2002-03-18,2738411
ST00469,Estella Singh,+22152829568343,Female,Alletse Street 2,2004-12-23,4390511
ST00470,Rodrigo Henson,+22133156912298,Male,Ogirdor Street 74,2002-04-28,3124053
ST00471,Carmen House,+22151841246474,Female,Nemrac Street 29,1996-08-07,4438290
ST00472,Clement Barber,+22138657433555,Female,Tnemelc Street 25,1995-12-03,2036767
ST00473,Jenny Chang,+22196611743649,Male,Ynnej Street 33,1991-08-13,4220191
ST00474,Jan Mccormick,+22177413723353,Male,Naj Street 5,2002-09-03,2562960
ST00475,Harlan Chapman,+22137929454955,Female,Nalrah Street 67,1997-11-28,2672641
ST00476,Ryan Osborne,+22164167123122,Male,Nayr Street 92,2003-04-22,4478795
ST00477,Dexter Boyle,+22195539992369,Female,Retxed Street 7,2001-08-11,4154110
ST00478,Cherie Costa,+22115784189288,Female,Eirehc Street 56,2004-08-22,2153612
ST00479,Maria Saunders,+22147312833154,Female,Airam Street 54,1998-06-06,4783768
ST00480,Ofelia Willis,+22169567124689,Female,Ailefo Street 46,2001-02-08,3392590
ST00481,Seth Lynch,+22197619711221,Female,Htes Street 28,1993-12-18,4608844
ST00482,Ulysses Stout,+22172315648391,Male,Sessylu Street 83,1995-12-10,4930397
ST00483,Brendan Callahan,+22143678313836,Female,Nadnerb Street 38,1996-05-20,2738573
ST00484,Rosanna Chapman,+22164764157211,Male,Annasor Street 51,2003-03-03,4166739
ST00485,Jeffrey Berg,+22117122516974,Female,Yerffej Street 83,1994-06-08,4919136
ST00486,Lupe Sullivan,+22116476628519,Female,Epul Street 20,2003-05-27,2571493
ST00487,Elena Brennan,+22165649923329,Female,Anele Street 41,1996-05-01,2084963
ST00488,Mohammed Bonilla,+22137328822841,Female,Demmahom Street 14,1991-07-08,2738566
ST00489,Carey Yoder,+22145416415455,Female,Yerac Street 9,2004-05-21,2852236
ST00490,Sebastian Garza,+22111787194776,Male,Naitsabes Street 32,1993-11-01,3741467
ST00491,Bobbie Davenport,+22161424534432,Female,Eibbob Street 35,1997-02-22,3479954
ST00492,Alexis Wood,+22172694939882,Female,Sixela Street 54,1996-06-26,2644038
ST00493,Isabel Best,+22151175348811,Male,Lebasi Street 35,2001-07-10,2167474
ST00494,Virgil Ware,+22194836784255,Female,Ligriv Street 15,1991-09-04,4169879
ST00495,Guillermo Jackson,+22182635337798,Male,Omrelliug Street 8,2000-07-19,2062100
ST00496,Mai Howe,+22189276521469,Female,Iam Street 92,2004-09-06,2372573
ST00497,Angie Acosta,+22152549877114,Female,Eigna Street 61,2001-03-08,2126433
ST00498,Violet Dickson,+22132643255654,Female,Teloiv Street 59,1992-06-27,4042110
ST00499,Jason Higgins,+22122446677265,Male,Nosaj Street 79,1996-11-16,2847347
ST00500,Chelsea Graham,+22193153662853,Female,Aeslehc Street 56,1998-08-06,3084582
ST00501,Leslie Newman,+22189555973392,Male,Eilsel Street 22,1991-09-08,3958072
ST00502,Hollis Thomas,+22177179778399,Female,Silloh Street 44,2003-01-03,2040015
ST00503,Marcy Stanton,+22182864598977,Male,Ycram Street 98,1994-05-24,2865645
ST00504,Tracey Carney,+22116742851717,Male,Yecart Street 86,1995-12-08,3172318
ST00505,Gwen Greene,+22115349267634,Female,Newg Street 79,2000-06-02,4914759
ST00506,Numbers Duffy,+22137271444367,Male,Srebmun Street 9,1994-02-11,4459696
ST00507,Kathy Kane,+22155947889517,Female,Yhtak Street 23,1999-07-11,3347244
ST00508,Lamar Malone,+22128263452972,Female,Ramal Street 32,2004-02-27,3077296
ST00509,Allen Knapp,+22143488318799,Female,Nella Street 47,1993-03-08,3316688
ST00510,Micheal Le,+22149972745618,Male,Laehcim Street 93,2001-07-22,2125225
ST00511,Amado Ingram,+22194523861799,Male,Odama Street 47,1998-06-06,4664275
ST00512,Christina Bean,+22179138862931,Male,Anitsirhc Street 7,2004-11-18,4486618
ST00513,Thelma Terry,+22154593196138,Male,Amleht Street 28,1996-02-27,4280179
ST00514,Chuck Zamora,+22189653341472,Female,Kcuhc Street 30,1992-11-10,4372532
ST00515,Carl Mckay,+22129654761587,Male,Lrac Street 85,1996-03-26,2626214
ST00516,James Fields,+22149472312253,Female,Semaj Street 91,1999-06-05,3074744
ST00517,Wallace Rowe,+22148122867748,Female,Ecallaw Street 49,1993-04-17,4776240
ST00518,Sheri Wright,+22178328749686,Female,Irehs Street 45,1997-03-04,3783489
ST00519,Lesley Murray,+22138599649598,Female,Yelsel Street 70,2004-07-27,4045159
ST00520,Tessa Liu,+22185598279786,Male,Asset Street 73,1990-11-18,4688127
ST00521,Terrence Murillo,+22118816463923,Male,Ecnerret Street 80,1999-02-16,2103091
ST00522,Brittany Rocha,+22117446744531,Female,Ynattirb Street 71,1996-06-09,4289674
ST00523,Susie Villarreal,+22148575561488,Female,Eisus Street 95,2003-05-22,3565984
ST00524,Cherry Barron,+22122474339789,Female,Yrrehc Street 61,1998-06-12,2426001
ST00525,Napoleon Montes,+22139648149782,Female,Noelopan Street 19,1992-10-22,2881674
ST00526,Douglas Valenzuela,+22117247411117,Female,Salguod Street 76,2000-07-28,2662989
ST00527,Vern Barr,+22123168849322,Female,Nrev Street 74,1991-08-24,4699476
ST00528,Chuck Pope,+22139563342382,Male,Kcuhc Street 82,1993-04-18,4600388
ST00529,Nell Holder,+22182633441479,Female,Llen Street 28,1993-05-19,4645725
ST00530,Queen Blankenship,+22112815274378,Female,Neeuq Street 70,1998-03-10,4326122
ST00531,Pedro Guerra,+22111317531952,Female,Ordep Street 48,2000-08-19,4789663
ST00532,Daphne Page,+22198539378872,Male,Enhpad Street 52,1998-01-17,3251442
ST00533,Ronnie Bowers,+22179731469888,Female,Einnor Street 54,1993-01-08,2538089
ST00534,Tina Hall,+22182813459546,Female,Anit Street 19,1999-01-27,3793710
ST00535,Terry Merritt,+22184916314648,Female,Yrret Street 9,2003-01-03,2363783
ST00536,Jennifer Bradley,+22188782111962,Female,Refinnej Street 11,2001-06-11,3765381
ST00537,Sara Riggs,+22181529558126,Female,Aras Street 24,2004-07-27,4770487
ST00538,Carlene Pitts,+22172427294964,Male,Enelrac Street 31,1992-09-25,3994708
ST00539,Jeremy Bruce,+22136839282173,Female,Ymerej Street 76,1991-04-22,2817195
ST00540,Simone Wood,+22143346264981,Female,Enomis Street 70,1996-02-05,4062120
ST00541,Tia Cooper,+22143496852451,Female,Ait Street 47,1993-06-24,3397087
ST00542,Latisha Cochran,+22148377983244,Female,Ahsital Street 42,2000-11-17,4653219
ST00543,Corine Pineda,+22183862244429,Male,Eniroc Street 93,2002-07-26,3782264
ST00544,Earline Mcgee,+22116383989381,Male,Enilrae Street 73,2001-08-18,4828577
ST00545,Lelia Graham,+22171253619414,Male,Ailel Street 99,2002-09-28,4654066
ST00546,Leanna Ortiz,+22198913753212,Male,Annael Street 52,2002-03-21,4632360
ST00547,Ashley Hurst,+22156951186258,Female,Yelhsa Street 87,1993-08-01,3110476
ST00548,Bradley Olson,+22153672725973,Male,Yeldarb Street 53,1993-06-14,3611584
ST00549,Anastasia Middleton,+22126638965767,Female,Aisatsana Street 100,1999-11-03,2612126
ST00550,Jillian Avila,+22139959965118,Male,Naillij Street 79,1993-03-03,2952235
ST00551,Kurt Hodge,+22133759892329,Male,Truk Street 47,1999-12-24,4006522
ST00552,Theresa Livingston,+22172889376874,Male,Asereht Street 86,1990-06-16,2998504
ST00553,Willie Rodgers,+22128279454782,Male,Eilliw Street 91,2004-05-18,2434005
ST00554,Ramiro Hendricks,+22116542333487,Female,Orimar Street 30,1991-06-11,3138557
ST00555,Helen Mathews,+22189644557632,Female,Neleh Street 82,1993-09-05,3003877
ST00556,Adele Newman,+22141711312791,Female,Eleda Street 56,1994-03-28,4186991
ST00557,Isabella Delacruz,+22125242264427,Male,Allebasi Street 9,1999-06-24,3961881
ST00558,Roscoe Massey,+22174732797825,Female,Eocsor Street 82,1998-07-05,4618714
ST00559,Angelo Blevins,+22198827443223,Male,Olegna Street 74,1990-05-18,3026850
ST00560,Jenifer Simon,+22184263175655,Female,Refinej Street 65,1994-03-01,3941508
ST00561,Concetta Hayden,+22136847512831,Female,Attecnoc Street 11,2001-03-26,4469564
ST00562,Delmer Hogan,+22168443411741,Female,Remled Street 88,1994-06-09,4306139
ST00563,Carmine Ponce,+22149729648674,Female,Enimrac Street 12,1990-07-14,4663838
ST00564,Sherry Hunter,+22154368156574,Female,Yrrehs Street 88,1993-11-10,3954640
ST00565,Vivian Bell,+22128558676128,Male,Naiviv Street 6,1994-06-15,4343365
ST00566,Iris Nguyen,+22169751244665,Female,Siri Street 76,1990-07-08,2426007
ST00567,Oscar Thomas,+22149754851185,Male,Racso Street 35,1990-09-21,2780358
ST00568,Dominick Hayes,+22119685426394,Female,Kcinimod Street 77,1997-09-23,2074672
ST00569,Blanche Foley,+22131496439596,Male,Ehcnalb Street 30,2000-11-06,2324863
ST00570,Twila Blanchard,+22154993965286,Female,Aliwt Street 2,1990-08-04,4770040
ST00571,Nolan Horton,+22116659935788,Male,Nalon Street 7,1993-02-27,3215168
ST00572,Maureen Wu,+22177786141751,Female,Neeruam Street 35,1991-09-20,4482682
ST00573,Domingo Brown,+22136875714371,Female,Ognimod Street 82,1995-06-15,2894229
ST00574,Mabel Ware,+22155313912726,Female,Lebam Street 78,1991-07-04,4157041
ST00575,Crystal Moran,+22134417948685,Male,Latsyrc Street 14,1997-08-28,2340338
ST00576,Kent Hart,+22161162419795,Male,Tnek Street 31,1991-05-07,2247612
ST00577,Frieda Burton,+22149227333422,Female,Adeirf Street 63,1999-05-20,2745254
ST00578,Elwood Bowen,+22151423676166,Male,Doowle Street 48,2002-07-21,2046548
ST00579,Tony Figueroa,+22117988466163,Female,Ynot Street 23,1990-01-14,3465033
ST00580,Cody Jensen,+22132448182327,Male,Ydoc Street 20,1991-09-22,4823375
ST00581,Jeri Beard,+22111431734879,Female,Irej Street 9,1991-11-07,2860245
ST00582,Rodrigo Watts,+22146553529549,Male,Ogirdor Street 16,1995-10-28,4639079
ST00583,Sybil Kane,+22171735762334,Female,Libys Street 78,1996-08-09,3442443
ST00584,Louise Pierce,+22134119449842,Female,Esiuol Street 77,1995-02-03,2780789
ST00585,Russel Berg,+22175978429737,Male,Lessur Street 9,2003-07-10,2095578
ST00586,Shanna Sparks,+22155281494418,Male,Annahs Street 59,2002-08-23,3347144
ST00587,Thelma Berry,+22135454128152,Male,Amleht Street 51,2004-08-14,4829305
ST00588,Steven Powers,+22199962547929,Male,Nevets Street 45,1994-07-26,4046751
ST00589,Alana Edwards,+22171776342553,Male,Anala Street 5,1990-04-17,3901508
ST00590,Florence Reeves,+22128574194151,Male,Ecnerolf Street 56,1992-11-26,3573647
ST00591,Wilfredo Thornton,+22138577932141,Male,Oderfliw Street 64,2000-06-25,2881031
ST00592,Shawna Daugherty,+22183883361184,Female,Anwahs Street 41,2001-05-26,3526560
ST00593,Lamar Leonard,+22196665446245,Female,Ramal Street 22,2003-11-16,2998671
ST00594,John Armstrong,+22199936688545,Male,Nhoj Street 71,2003-07-20,2683089
ST00595,Sheri Koch,+22136559481969,Female,Irehs Street 69,1993-08-15,4194215
ST00596,Gabrielle Wolfe,+22178864562192,Male,Elleirbag Street 17,1991-09-02,4437548
ST00597,Gracie Greer,+22156369547981,Male,Eicarg Street 44,1999-07-01,3986643
ST00598,Alvin Diaz,+22118765927114,Female,Nivla Street 65,1999-02-12,2383858
ST00599,Sang Copeland,+22176115229965,Male,Gnas Street 72,1992-03-06,2065151
ST00600,Sherry Preston,+22192446655178,Male,Yrrehs Street 39,2003-10-02,3766358
ST00601,Ward Friedman,+22149472392593,Female,Draw Street 3,2004-08-08,2362795
ST00602,Ursula Davila,+22194877564128,Female,Alusru Street 75,1992-01-06,3957925
ST00603,Bernice Eaton,+22138886844945,Male,Ecinreb Street 56,1991-10-02,2908240
ST00604,Garrett Hayden,+22119872623114,Female,Tterrag Street 4,2000-12-26,4937641
ST00605,Edmund Zhang,+22182485459712,Male,Dnumde Street 63,1990-02-07,3477925
ST00606,Kendall Oconnor,+22191388511363,Female,Lladnek Street 66,1991-08-01,4570146
ST00607,Maude Rivers,+22134265918719,Male,Eduam Street 66,1996-07-06,3567343
ST00608,Abraham Le,+22188962768573,Female,Maharba Street 98,1999-11-23,4298280
ST00609,Jerry Cruz,+22146194547637,Female,Yrrej Street 26,1994-02-06,3979138
ST00610,Traci Pace,+22149286629284,Female,Icart Street 38,1990-06-24,4618116
ST00611,Vickie Brooks,+22112785237513,Female,Eikciv Street 55,1995-12-09,2772480
ST00612,Hazel Wilson,+22162886464784,Female,Lezah Street 78,2002-09-08,3827376
ST00613,Nona Brady,+22167275396498,Female,Anon Street 86,1993-03-15,4004555
ST00614,Clarence Gilmore,+22125732439548,Female,Ecneralc Street 57,1998-02-09,4588482
ST00615,Omar Herrera,+22199772645284,Female,Ramo Street 21,1991-04-25,3459119
ST00616,Malcolm Yoder,+22131919716692,Female,Mloclam Street 90,2002-04-07,3438389
ST00617,Lorna Fox,+22139218647299,Male,Anrol Street 46,2002-02-04,3433691
ST00618,Desiree Allison,+22116624625917,Male,Eerised Street 46,1993-08-03,3953653
ST00619,Gilberto Wagner,+22149856272619,Male,Otreblig Street 33,2000-04-22,4357755
ST00620,Nelson Munoz,+22175778518123,Female,Noslen Street 45,1992-02-02,2575399
ST00621,Mai Hunter,+22154715815932,Male,Iam Street 7,2002-06-10,3350312
ST00622,Liliana Holder,+22174527713437,Male,Anailil Street 99,1996-05-11,4644788
ST00623,Veronica Kirby,+22142678633446,Female,Acinorev Street 76,1999-07-05,4186166
ST00624,Geneva Greene,+22197919421471,Male,Aveneg Street 94,1993-05-25,4779046
ST00625,Wilbert Wheeler,+22184689768238,Female,Trebliw Street 1,2002-09-28,4151809
ST00626,Simon Lloyd,+22135576411397,Female,Nomis Street 43,1994-09-15,2300597
ST00627,Earnest Mccullough,+22173345184625,Female,Tsenrae Street 49,1994-03-25,2667298
ST00628,Marcus Robinson,+22163282942975,Female,Sucram Street 11,1996-09-25,2005946
ST00629,Sharlene Powell,+22155937217238,Male,Enelrahs Street 46,2003-09-11,2491778
ST00630,Lorie Freeman,+22184923993729,Female,Eirol Street 39,1998-07-27,4345631
ST00631,Clifford Kemp,+22121843388822,Female,Droffilc Street 79,1997-09-01,3323705
ST00632,Donovan Barnett,+22129894532998,Male,Navonod Street 60,1999-02-22,4773798
ST00633,Patrick Hodge,+22111992712822,Male,Kcirtap Street 32,1997-11-21,4930438
ST00634,Kathy Calderon,+22121127591392,Male,Yhtak Street 45,1996-10-21,2692547
ST00635,Melva Hammond,+22151845334447,Female,Avlem Street 35,1999-10-02,2352662
ST00636,Caitlin Allen,+22147556166791,Male,Niltiac Street 77,1992-03-11,2215310
ST00637,Neal Butler,+22145759172432,Female,Laen Street 41,2001-12-24,3310625
ST00638,Gabrielle Walter,+22157222219514,Male,Elleirbag Street 58,2001-08-01,3641048
ST00639,Leola Stafford,+22155194555392,Female,Aloel Street 11,2000-10-05,4369119
ST00640,Sheree Lynn,+22161611422982,Female,Eerehs Street 57,1990-03-23,4218431
ST00641,Diego Buck,+22188164862323,Male,Ogeid Street 75,2003-10-21,2164835
ST00642,Carolyn Fernandez,+22175324689323,Female,Nylorac Street 44,2002-05-08,3989336
ST00643,Latoya Landry,+22132736228231,Male,Ayotal Street 22,1990-05-21,4147692
ST00644,Humberto Oconnell,+22189937729236,Female,Otrebmuh Street 94,1999-09-10,4185496
ST00645,Horace Silva,+22124299233328,Male,Ecaroh Street 44,1994-06-20,2853396
ST00646,Ray Mcguire,+22175898652967,Male,Yar Street 66,1996-10-07,3013840
ST00647,Cecilia Cantu,+22159639634131,Male,Ailicec Street 16,1994-11-07,2487901
ST00648,Alden Wong,+22116177766195,Male,Nedla Street 68,2003-04-23,2238643
ST00649,Ernie Thompson,+22163838713737,Female,Einre Street 51,1990-05-03,4706322
ST00650,Sandra Young,+22178953827955,Male,Ardnas Street 11,1996-10-06,2943423
ST00651,Francesca Watson,+22167554752355,Male,Acsecnarf Street 85,1992-12-02,3951431
ST00652,Brendan Bautista,+22149222631935,Male,Nadnerb Street 73,2001-08-19,4411355
ST00653,Tommy Mann,+22143596337286,Female,Ymmot Street 99,1996-12-01,3982179
ST00654,Elsa Blair,+22191481681479,Male,Asle Street 74,1999-05-20,3129531
ST00655,Walker Robertson,+22116254897513,Female,Reklaw Street 89,1999-06-05,3653785
ST00656,Karla Harrell,+22175891782611,Female,Alrak Street 80,1995-07-07,4432357
ST00657,Virgil Livingston,+22164774555235,Male,Ligriv Street 70,2000-03-05,3958893
ST00658,Hattie Schneider,+22132219963564,Female,Eittah Street 41,2000-09-16,4220360
ST00659,Raymundo Gates,+22117245535697,Male,Odnumyar Street 4,1997-11-03,4134679
ST00660,Mitch Ramos,+22125591128743,Female,Hctim Street 65,2002-05-20,2952413
ST00661,Nancy Walker,+22142836281476,Female,Ycnan Street 3,1999-09-07,4693377
ST00662,Lorene Walsh,+22195839519216,Female,Enerol Street 14,1992-10-16,2728496
ST00663,Lindsay Leach,+22111213281684,Female,Yasdnil Street 63,1997-07-25,2893853
ST00664,Lea Rogers,+22122151265472,Female,Ael Street 73,1993-02-02,4860510
ST00665,Chandra Whitney,+22145327781763,Female,Ardnahc Street 46,2003-06-13,2295343
ST00666,Manuel Escobar,+22192329939491,Female,Leunam Street 67,1999-09-27,4115505
ST00667,Summer Byrd,+22186321961711,Female,Remmus Street 26,1997-04-07,3637889
ST00668,Harriet Aguirre,+22142424592398,Female,Teirrah Street 93,1998-12-14,2425976
ST00669,Katina Andrade,+22199872466147,Male,Anitak Street 79,1995-08-10,2860005
ST00670,Pete Arroyo,+22178954515815,Female,Etep Street 8,1994-02-25,3183966
ST00671,Larry Gardner,+22171828131778,Male,Yrral Street 29,1996-02-06,3032205
ST00672,Brittney Gross,+22141615492546,Male,Yenttirb Street 57,1998-09-20,2707217
ST00673,Heath Villa,+22181979198872,Female,Htaeh Street 95,1996-04-04,2492838
ST00674,Claudette Lucas,+22115771331429,Male,Ettedualc Street 86,2001-12-18,4179417
ST00675,Earnestine Baird,+22197413642916,Male,Enitsenrae Street 66,1998-11-03,4880354
ST00676,Ahmad Burch,+22163833158685,Male,Damha Street 34,2004-12-09,4552399
ST00677,Maryann Parker,+22114334716369,Male,Nnayram Street 28,1990-09-24,2371460
ST00678,Flora Wilkerson,+22164768353465,Female,Arolf Street 22,1999-09-28,2014683
ST00679,Roderick Booth,+22193612713858,Male,Kciredor Street 41,1991-12-11,4137037
ST00680,Herschel Christian,+22151963797227,Male,Lehcsreh Street 2,2003-03-15,4622735
ST00681,Donnell Stephenson,+22193515736187,Female,Llennod Street 94,2002-11-18,2030948
ST00682,Otto Solis,+22137215622639,Female,Otto Street 24,1995-10-27,3575770
ST00683,Drew Good,+22198266661214,Female,Werd Street 45,2000-11-02,2615908
ST00684,Cedric Lowery,+22155292711264,Female,Cirdec Street 16,2000-12-03,2901706
ST00685,Luann Mcmahon,+22183757887875,Female,Nnaul Street 54,1999-04-01,4547201
ST00686,Jessie Roberson,+22138845782464,Female,Eissej Street 72,1994-12-13,4483826
ST00687,Antone Lucero,+22115744126513,Male,Enotna Street 73,2001-09-09,4535848
ST00688,Tommy Fitzpatrick,+22181236836177,Male,Ymmot Street 42,1997-09-03,2443085
ST00689,Morgan Shah,+22154158287116,Female,Nagrom Street 58,1996-09-11,3394855
ST00690,Bianca Lloyd,+22118298818994,Male,Acnaib Street 43,1999-02-24,2903755
ST00691,Marcie Mora,+22119187117921,Female,Eicram Street 62,1996-12-07,2375536
ST00692,Armand Calhoun,+22184231683766,Male,Dnamra Street 10,2000-12-04,2205648
ST00693,Stevie Mullins,+22172965912647,Male,Eivets Street 34,2004-09-01,4539036
ST00694,Marsha Mann,+22188877969282,Male,Ahsram Street 50,1999-09-18,4576609
ST00695,Jeremiah Stout,+22166538942652,Female,Haimerej Street 48,1993-01-18,3695116
ST00696,Leslie Deleon,+22143956126595,Female,Eilsel Street 11,1990-11-01,3399012
ST00697,Ernie Montoya,+22128555818677,Female,Einre Street 2,2004-04-10,4429367
ST00698,Gina Fry,+22139253637137,Female,Anig Street 17,2003-07-28,2988489
ST00699,Reuben Decker,+22189822411414,Male,Nebuer Street 94,2001-09-04,2904738
ST00700,Rachel Craig,+22191661671685,Female,Lehcar Street 11,2004-02-13,2704516
ST00701,Lupe Lam,+22131461245993,Male,Epul Street 25,1991-10-07,2018073
ST00702,Rory Wyatt,+22152933735272,Male,Yror Street 3,1996-02-05,3911688
ST00703,Nelson Small,+22161892713278,Female,Noslen Street 68,1997-04-23,3575179
ST00704,Nikki Gray,+22168238523357,Female,Ikkin Street 80,1996-07-02,3043903
ST00705,Tameka Avila,+22112324427247,Female,Akemat Street 77,1990-11-17,2270801
ST00706,Becky Haney,+22177782484918,Female,Ykceb Street 90,2002-07-26,3668915
ST00707,Jimmy Duran,+22187214351335,Male,Ymmij Street 33,2003-07-25,3683915
ST00708,Amanda Pollard,+22188984978857,Male,Adnama Street 47,1996-10-10,2142409
ST00709,Clare Mcpherson,+22172516887457,Female,Eralc Street 21,2001-06-06,4284017
ST00710,Brendan Jimenez,+22165319774956,Male,Nadnerb Street 67,1994-01-16,3704390
ST00711,Jody Reyes,+22136577379882,Female,Ydoj Street 45,1997-08-04,3274069
ST00712,Tommie Nguyen,+22169132847271,Male,Eimmot Street 76,2000-04-21,3542855
ST00713,Raquel Snyder,+22136524928992,Female,Leuqar Street 79,1994-08-28,3337044
ST00714,Laverne Brennan,+22167482669777,Male,Enreval Street 16,1994-05-22,4432982
ST00715,Raymond Ruiz,+22174796254323,Male,Dnomyar Street 35,1994-02-27,3048577
ST00716,Henry Phelps,+22139734664591,Male,Yrneh Street 63,2004-05-26,4700035
ST00717,Jeannette Lamb,+22113778566517,Female,Ettennaej Street 13,1999-09-04,4423523
ST00718,Fred Harvey,+22182616687798,Male,Derf Street 82,1993-04-20,2716430
ST00719,Jorge Foley,+22193863623826,Female,Egroj Street 90,1995-02-04,4381868
ST00720,Sterling Stewart,+22191447319625,Female,Gnilrets Street 67,2003-10-06,2912874
ST00721,Deon Hess,+22183642241512,Male,Noed Street 64,1999-07-13,3273760
ST00722,Allan Hinton,+22134743488287,Male,Nalla Street 48,2001-03-24,3735494
ST00723,Shirley Mendez,+22155921335156,Female,Yelrihs Street 3,1997-11-01,2624164
ST00724,Johnny Hull,+22121187438855,Female,Ynnhoj Street 46,2001-01-28,4370345
ST00725,Rochelle Fox,+22138766522756,Female,Ellehcor Street 73,2003-07-05,2196306
ST00726,Katherine Rice,+22174589549567,Female,Enirehtak Street 7,1993-02-20,3407196
ST00727,Anthony Smith,+22135669233161,Female,Ynohtna Street 50,1990-06-25,4190109
ST00728,Francis Calderon,+22115398526499,Male,Sicnarf Street 75,1994-07-10,3226907
ST00729,Judson Mcintyre,+22116664519241,Female,Nosduj Street 66,2002-06-22,4922569
ST00730,Lenore Barrett,+22188279855945,Male,Eronel Street 85,2002-08-21,4437441
ST00731,Victor Tucker,+22115989422377,Male,Rotciv Street 13,2004-10-01,2937647
ST00732,Lowell Gentry,+22137393612438,Male,Llewol Street 24,1996-05-21,3657131
ST00733,David Lucero,+22136382295145,Female,Divad Street 88,1994-01-12,2279055
ST00734,Esperanza Knox,+22126985456424,Female,Aznarepse Street 31,2001-08-24,2287395
ST00735,Deborah Sanchez,+22167334188952,Male,Harobed Street 35,1994-12-28,4979656
ST00736,Reed Mcmillan,+22163919363928,Male,Deer Street 96,1998-06-01,2404689
ST00737,Percy Fisher,+22152728336451,Female,Ycrep Street 90,1992-03-27,2666229
ST00738,Kermit Farley,+22161656254835,Male,Timrek Street 98,2000-06-09,3070142
ST00739,Leila Lawrence,+22159736477974,Male,Aliel Street 33,1997-10-07,4509154
ST00740,Malcolm Murphy,+22193788257576,Female,Mloclam Street 48,1990-07-10,2798747
ST00741,Briana Wheeler,+22193776426473,Female,Anairb Street 29,1998-07-09,3208037
ST00742,Janis Fields,+22138414928796,Female,Sinaj Street 88,1999-07-04,3761032
ST00743,Berta Dunn,+22168784285553,Female,Atreb Street 95,1992-05-23,4147290
ST00744,Lyman Ritter,+22173586934166,Female,Namyl Street 37,1990-01-02,2611444
ST00745,Larry Shah,+22117788875488,Female,Yrral Street 35,1997-05-14,4544423
ST00746,Ernesto Zamora,+22189358234573,Female,Otsenre Street 44,2004-02-22,3597644
ST00747,Reid Gross,+22191854849615,Male,Dier Street 2,1996-03-24,2807384
ST00748,Shelia Ho,+22145117647472,Female,Ailehs Street 52,2004-12-27,4578691
ST00749,Teri Wheeler,+22146475965146,Male,Iret Street 17,1996-04-28,2551693
ST00750,Serena Anderson,+22128599546931,Male,Aneres Street 90,1993-04-11,2626670
ST00751,Freddie Moon,+22144139979721,Female,Eidderf Street 50,1999-03-27,3022516
ST00752,Beulah Shepard,+22148185645943,Female,Halueb Street 69,1990-02-23,4595998
ST00753,Duane Guerrero,+22142993265165,Female,Enaud Street 92,2000-08-17,2001477
ST00754,Dolores Buck,+22177139128349,Male,Serolod Street 75,1991-01-17,3942080
ST00755,Tommy Hines,+22161584513118,Male,Ymmot Street 19,1996-11-14,3330477
ST00756,Rhea Stevens,+22119225732245,Male,Aehr Street 42,1997-05-16,2772233
ST00757,Aisha Bright,+22171565438864,Female,Ahsia Street 54,1993-01-02,4869420
ST00758,Quentin Esparza,+22153975571961,Male,Nitneuq Street 46,1999-01-16,2007201
ST00759,Herbert Kramer,+22163173238486,Male,Trebreh Street 99,1994-01-02,3442531
ST00760,Sylvester Maldonado,+22115377538214,Female,Retsevlys Street 39,1995-07-26,3788957
ST00761,Adrian Matthews,+22162829724296,Male,Nairda Street 26,1991-07-03,2643745
ST00762,Jamar Simon,+22167868454819,Male,Ramaj Street 68,1993-01-26,4675689
ST00763,Faith Sanchez,+22121756243167,Male,Htiaf Street 65,1990-03-23,2771443
ST00764,Carmen Holloway,+22191887258754,Male,Nemrac Street 22,2004-10-12,2349713
ST00765,Claudia Summers,+22155139263194,Male,Aidualc Street 59,1994-12-27,3967631
ST00766,Trinidad Parrish,+22175613157321,Female,Dadinirt Street 35,1992-10-25,3342783
ST00767,Barton Vincent,+22139429589361,Male,Notrab Street 42,1991-06-24,4686273
ST00768,Blanche Blevins,+22131173235176,Female,Ehcnalb Street 32,1991-11-03,3688628
ST00769,Ignacio Pratt,+22187199618915,Female,Oicangi Street 66,1994-02-09,4489203
ST00770,Kent Leonard,+22177329399637,Female,Tnek Street 64,1997-12-26,2524112
ST00771,Jeannette Dawson,+22153232539162,Female,Ettennaej Street 40,1998-07-27,3692802
ST00772,Melanie Bullock,+22158847346543,Male,Einalem Street 23,2001-10-16,4250106
ST00773,Chi Mullins,+22121629266514,Female,Ihc Street 93,2001-05-27,4477109
ST00774,Britney Davila,+22196453722631,Female,Yentirb Street 38,1998-12-15,3594879
ST00775,Marianne Carson,+22124271493574,Male,Ennairam Street 89,1998-07-14,2552805
ST00776,Joaquin Mcbride,+22129319685774,Female,Niuqaoj Street 84,2001-04-10,2297517
ST00777,Harriet Robbins,+22187854621322,Female,Teirrah Street 91,2004-02-12,2106428
ST00778,Cody Cardenas,+22189544569285,Female,Ydoc Street 60,1992-12-13,3912254
ST00779,Arline Beard,+22196592656515,Female,Enilra Street 60,1992-05-22,3281555
ST00780,Jasper Hoover,+22168832448257,Male,Repsaj Street 25,1991-02-02,2891998
ST00781,Becky Mcpherson,+22198839469795,Female,Ykceb Street 64,2004-11-06,4357014
ST00782,Walter Maynard,+22144616474689,Female,Retlaw Street 83,2004-12-09,4300006
ST00783,Fanny Byrd,+22191234224292,Male,Ynnaf Street 21,2002-01-18,3916689
ST00784,Valeria Calhoun,+22172646143571,Female,Airelav Street 33,2003-12-19,3800688
ST00785,Jerrold Lucas,+22159845231612,Female,Dlorrej Street 23,1992-09-22,4148448
ST00786,Rocco Strong,+22116848111267,Female,Occor Street 77,1994-09-16,2589325
ST00787,Cherry Salinas,+22169334792986,Male,Yrrehc Street 38,2002-01-03,2411982
ST00788,Myron Stephenson,+22163413745199,Male,Norym Street 66,1992-09-14,2911606
ST00789,Terry Hendricks,+22172692321844,Male,Yrret Street 2,2002-03-09,4285193
ST00790,Beth Carlson,+22168262963751,Male,Hteb Street 41,2004-12-21,4267760
ST00791,Gena Parsons,+22113947368927,Male,Aneg Street 12,1996-06-13,4952523
ST00792,Corey Woodard,+22169289994637,Female,Yeroc Street 59,2001-08-03,3789040
ST00793,Marylou Chase,+22173957957787,Male,Uolyram Street 26,1997-11-09,4575592
ST00794,Kenneth Garner,+22125962615124,Female,Htennek Street 96,1997-08-28,2726875
ST00795,Kim Cunningham,+22155519434291,Female,Mik Street 59,1993-11-19,3735609
ST00796,Edgar Sheppard,+22141332174568,Male,Ragde Street 89,1993-12-24,3713776
ST00797,Ester Barry,+22187548846347,Female,Retse Street 29,1996-06-20,4947771
ST00798,Rupert Gomez,+22124538594497,Male,Trepur Street 79,1995-01-15,2655933
ST00799,Raul Kent,+22126756996633,Male,Luar Street 30,1995-12-27,2285668
ST00800,Deanne Greer,+22177578365656,Female,Ennaed Street 62,2004-02-15,4579125
ST00801,Denis Bautista,+22187722371146,Male,Sined Street 65,1995-03-05,4482035
ST00802,Evan Pearson,+22136972814281,Male,Nave Street 97,1999-02-01,4755732
ST00803,Gena Moyer,+22161938448695,Female,Aneg Street 76,1999-08-18,4243900
ST00804,Erna Schmidt,+22135122359388,Male,Anre Street 41,2004-11-17,3544600
ST00805,Rene Pham,+22196687548996,Female,Ener Street 22,1990-10-12,2233119
ST00806,Jaime Santiago,+22159776556983,Female,Emiaj Street 5,2001-07-16,2519212
ST00807,Cheri Kidd,+22139756298535,Male,Irehc Street 21,1993-09-24,2300622
ST00808,Jessie Freeman,+22117176595529,Female,Eissej Street 4,2001-05-23,2664406
ST00809,Kevin Jarvis,+22198549596481,Male,Nivek Street 98,1998-03-22,4296213
ST00810,Penny Wise,+22165334341294,Female,Ynnep Street 100,1997-01-17,3501200
ST00811,Karen Whitney,+22148481786642,Male,Nerak Street 49,1999-08-24,3514649
ST00812,Aron Pace,+22148123444236,Male,Nora Street 20,1996-11-05,2589160
ST00813,Cody Proctor,+22116626889547,Male,Ydoc Street 53,1993-02-19,3946073
ST00814,Debbie Brewer,+22135624549185,Female,Eibbed Street 13,1995-02-25,4387840
ST00815,Edmond Holden,+22155643554338,Male,Dnomde Street 65,2003-08-19,2309139
ST00816,Jed Peterson,+22174128793442,Male,Dej Street 25,2004-11-15,3456939
ST00817,Kris Knight,+22135828725371,Female,Sirk Street 79,2000-06-25,3546340
ST00818,Dee Kidd,+22179882335536,Male,Eed Street 10,2000-05-04,3811432
ST00819,Donny Sanders,+22197811166259,Male,Ynnod Street 3,2002-01-19,4466115
ST00820,Rigoberto Munoz,+22174348358725,Male,Otrebogir Street 67,1994-06-27,4717707
ST00821,Juan Christensen,+22178498519139,Female,Nauj Street 54,1998-08-26,3234893
ST00822,Enid Krause,+22152965412547,Male,Dine Street 45,2001-08-10,2670992
ST00823,Consuelo Church,+22179926926895,Male,Oleusnoc Street 28,2001-09-11,2446564
ST00824,Trey Everett,+22117585114716,Female,Yert Street 48,1996-04-08,2511661
ST00825,Arnold Haley,+22129585312123,Male,Dlonra Street 1,1992-11-12,4637197
ST00826,Lincoln Marks,+22133921281636,Female,Nlocnil Street 90,1996-06-11,4959351
ST00827,Armando Velazquez,+22193939447527,Male,Odnamra Street 91,1998-12-09,4551648
ST00828,Melinda Meadows,+22157142752397,Female,Adnilem Street 72,2001-03-23,3781550
ST00829,Milagros Coleman,+22185694213168,Male,Sorgalim Street 56,2002-12-01,3946737
ST00830,Stacey Day,+22155927395437,Male,Yecats Street 40,2001-05-25,2468911
ST00831,Cheri Anderson,+22187147522765,Female,Irehc Street 1,1995-01-14,2573300
ST00832,Walker Boyd,+22148242972496,Male,Reklaw Street 71,1993-12-22,2782215
ST00833,Opal Powers,+22125132366711,Female,Lapo Street 3,1995-10-25,2918457
ST00834,Clifton Hammond,+22155495785587,Female,Notfilc Street 84,2002-06-07,4745133
ST00835,May Dunlap,+22124978116778,Female,Yam Street 78,1991-11-25,3629283
ST00836,Francis Hayes,+22181791475385,Male,Sicnarf Street 7,2002-02-12,3980303
ST00837,Gretchen King,+22181943525573,Male,Nehcterg Street 86,2002-01-03,4313158
ST00838,Hung Norman,+22155451525922,Female,Gnuh Street 8,1991-11-06,4289412
ST00839,Lamont Kelly,+22156928993666,Male,Tnomal Street 75,2004-11-26,3945278
ST00840,Lazaro Kaufman,+22164392219172,Male,Orazal Street 60,2001-03-22,2841117
ST00841,Deloris Page,+22193263274633,Female,Siroled Street 76,1992-01-07,3473610
ST00842,Carey Cooke,+22181912318553,Male,Yerac Street 37,1994-12-16,2516254
ST00843,Ava Ball,+22177124871229,Male,Ava Street 16,1997-06-25,4610856
ST00844,Rosemarie Petersen,+22134146538824,Male,Eiramesor Street 73,2004-07-09,3086347
ST00845,Lloyd Adkins,+22173132235642,Male,Dyoll Street 10,1994-11-16,2389069
ST00846,Rose Dougherty,+22129347474564,Male,Esor Street 75,1991-06-28,4742085
ST00847,Dianna Wilkinson,+22137571339633,Male,Annaid Street 76,2000-08-25,2623330
ST00848,Sergio Summers,+22192593829512,Male,Oigres Street 58,1990-04-05,2360677
ST00849,Glen Rogers,+22116642727853,Male,Nelg Street 32,1991-10-13,3083070
ST00850,Shelly Barnes,+22182711624131,Female,Yllehs Street 88,1998-03-20,2605812
ST00851,Robt Robles,+22111598113552,Male,Tbor Street 37,1993-01-21,4785346
ST00852,Leslie Sexton,+22141881449979,Male,Eilsel Street 66,1997-09-22,3035595
ST00853,Wanda Drake,+22159935883191,Female,Adnaw Street 41,2004-07-07,2018850
ST00854,Kieth Weaver,+22196392698921,Male,Hteik Street 95,1991-05-04,2987754
ST00855,Debora Berg,+22158131971772,Female,Arobed Street 76,2004-02-15,4831279
ST00856,Harry Walker,+22122382948688,Male,Yrrah Street 18,1995-04-02,4712638
ST00857,Dana Aguilar,+22124998397375,Female,Anad Street 6,2004-04-06,3387824
ST00858,Darcy Mccann,+22177871583881,Female,Ycrad Street 83,1991-07-03,2085688
ST00859,Jacquelyn Alvarado,+22132279831888,Male,Nyleuqcaj Street 6,1990-04-28,3636683
ST00860,Adrienne Ware,+22119324585144,Male,Enneirda Street 54,1992-03-13,2239256
ST00861,Israel Cook,+22145391273658,Female,Learsi Street 68,1999-02-20,3798646
ST00862,Marcus Ryan,+22164266581898,Female,Sucram Street 61,1992-02-17,3669562
ST00863,Davis Sandoval,+22127841662844,Female,Sivad Street 37,2001-06-22,2776489
ST00864,Ed Kane,+22181376497296,Female,De Street 58,2001-07-07,2623426
ST00865,Wiley Mejia,+22112538486776,Male,Yeliw Street 22,2004-09-21,2796474
ST00866,Elsie Levy,+22172452974764,Female,Eisle Street 89,1999-06-04,4165602
ST00867,Alyssa Robles,+22139641669313,Female,Assyla Street 37,1999-02-02,3601023
ST00868,Maxwell Oneill,+22164177295935,Male,Llewxam Street 75,1995-12-19,3187257
ST00869,Brooke Ruiz,+22154527799843,Male,Ekoorb Street 83,1998-05-02,3980690
ST00870,Vicky Liu,+22153535989117,Male,Ykciv Street 75,1999-01-23,4942731
ST00871,Freeman Dorsey,+22136432857142,Female,Nameerf Street 84,1996-07-13,2353701
ST00872,Kermit Elliott,+22192592231651,Female,Timrek Street 35,2003-06-24,2630468
ST00873,Keven Dudley,+22182888148232,Female,Nevek Street 68,1992-10-01,3467668
ST00874,Maricela Shea,+22168654272166,Male,Aleciram Street 83,2001-04-23,2400611
ST00875,Margo Pham,+22187829617872,Male,Ogram Street 73,1998-07-25,3797603
ST00876,Cyrus Stanley,+22163723431727,Female,Suryc Street 87,2002-05-27,2943544
ST00877,Levi Le,+22128343691394,Male,Ivel Street 25,1997-12-24,3059937
ST00878,Danial Berg,+22167247929673,Female,Lainad Street 19,1997-01-11,4407185
ST00879,Abigail Booth,+22124517444322,Male,Liagiba Street 95,2000-03-20,2000356
ST00880,Jewel Arroyo,+22116348949899,Female,Lewej Street 72,1998-11-03,4353542
ST00881,Gerard Simmons,+22152785264464,Female,Drareg Street 3,1994-02-19,2190993
ST00882,Peter Olson,+22199965444751,Female,Retep Street 16,2004-01-16,2867069
ST00883,Jake Hudson,+22129148285266,Male,Ekaj Street 46,1994-06-17,2219023
ST00884,Estela Bean,+22142334732411,Female,Aletse Street 52,2004-10-07,4847839
ST00885,Saul Obrien,+22189325936366,Female,Luas Street 45,2000-10-04,4235753
ST00886,Dana Henson,+22114369387929,Female,Anad Street 97,2002-10-09,4732202
ST00887,Rachel Brandt,+22183663721497,Female,Lehcar Street 53,2003-04-18,3025212
ST00888,Richard Spencer,+22114398525723,Male,Drahcir Street 52,1994-08-17,3011741
ST00889,James Edwards,+22177922983727,Female,Semaj Street 33,1996-11-02,4770455
ST00890,Shelton Sampson,+22191884885249,Male,Notlehs Street 71,2001-07-11,2283172
ST00891,Nathan Monroe,+22177731893249,Male,Nahtan Street 54,1995-01-05,2947795
ST00892,Alexander Prince,+22173456851659,Female,Rednaxela Street 83,1995-02-17,4314589
ST00893,Gay Hunter,+22158854752458,Male,Yag Street 66,1993-01-26,3129921
ST00894,Adriana Zuniga,+22194564946747,Male,Anairda Street 33,1997-02-23,4552021
ST00895,Yesenia Yoder,+22154975897968,Male,Ainesey Street 90,1995-09-11,3089171
ST00896,Jody Krueger,+22198738658893,Male,Ydoj Street 60,1990-10-13,2645418
ST00897,Alana Black,+22146931834369,Male,Anala Street 1,2003-10-19,2037659
ST00898,Kasey Wells,+22111119793552,Female,Yesak Street 8,1991-06-21,4904784
ST00899,Keisha Sellers,+22192491465614,Male,Ahsiek Street 69,2002-03-19,4461045
ST00900,Sean Christian,+22111164657575,Female,Naes Street 88,2001-08-07,2915534
ST00901,Nadine Blanchard,+22159127536182,Female,Enidan Street 5,2004-07-03,2980150
ST00902,Alonzo Vasquez,+22163141222563,Male,Oznola Street 21,1992-10-18,2683722
ST00903,Otto Arroyo,+22181739338394,Male,Otto Street 91,1995-01-26,2071374
ST00904,Iris Banks,+22133465855494,Male,Siri Street 1,2003-04-25,3285902
ST00905,Diann Stevenson,+22118175755963,Female,Nnaid Street 54,1998-04-18,2422843
ST00906,Erwin Yang,+22186364313189,Female,Niwre Street 48,2003-07-21,2687545
ST00907,Mandy Guerrero,+22155841987971,Female,Ydnam Street 33,1998-05-25,2296216
ST00908,Damion Harmon,+22116611399521,Male,Noimad Street 31,1998-04-06,4401947
ST00909,Tyler Freeman,+22183332827629,Female,Relyt Street 36,2003-04-26,4246018
ST00910,Adrienne Joseph,+22117728422856,Female,Enneirda Street 60,1995-03-09,3959490
ST00911,Osvaldo Blackwell,+22167542966891,Female,Odlavso Street 49,1991-11-23,4949962
ST00912,Ali Estrada,+22182448599369,Male,Ila Street 69,2001-02-03,3960253
ST00913,Dixie Knox,+22169753731524,Female,Eixid Street 13,1998-10-05,4734246
ST00914,Hector Wang,+22129182938778,Female,Rotceh Street 90,2003-08-19,2531018
ST00915,Krystal Perkins,+22188231848796,Male,Latsyrk Street 20,1999-01-02,3921765
ST00916,Rowena Tanner,+22186485583263,Male,Anewor Street 78,2003-11-12,4468597
ST00917,Lee Morton,+22141166393932,Male,Eel Street 50,1992-05-18,3961702
ST00918,Alvaro Herman,+22142738714761,Male,Oravla Street 7,1997-10-22,4209682
ST00919,Jamie Calhoun,+22188634348342,Female,Eimaj Street 67,1994-01-17,4949113
ST00920,Kerri Phillips,+22191688136836,Female,Irrek Street 57,1996-02-18,4022133
ST00921,Tory Noble,+22118952825517,Male,Yrot Street 79,1990-08-08,2990953
ST00922,Stevie Watson,+22156938511283,Female,Eivets Street 99,2004-09-24,2905783
ST00923,Mattie Guerra,+22192352635563,Male,Eittam Street 72,1993-04-26,2872180
ST00924,Garry Miller,+22168574172114,Male,Yrrag Street 11,1993-07-23,2999127
ST00925,Jorge Robles,+22151251975635,Female,Egroj Street 36,2004-12-18,3622740
ST00926,Patty Leon,+22132885655673,Female,Yttap Street 98,1999-09-05,2994076
ST00927,Angelia Hart,+22144912548599,Male,Ailegna Street 37,1991-01-20,3030237
ST00928,Benito Hopkins,+22153197637817,Male,Otineb Street 24,1997-12-02,4579226
ST00929,Ruthie Vaughn,+22128981362113,Male,Eihtur Street 80,1997-05-17,4193838
ST00930,Kim Larsen,+22194663664876,Female,Mik Street 92,1993-04-24,4676922
ST00931,Hollie Sloan,+22143174465761,Female,Eilloh Street 65,1994-11-01,3119010
ST00932,Claude Daniel,+22146617584948,Female,Edualc Street 62,2004-05-25,4848585
ST00933,Orval Singleton,+22151177756132,Male,Lavro Street 63,1998-08-12,2904207
ST00934,Rafael Moreno,+22193367411699,Male,Leafar Street 81,1997-10-14,2814604
ST00935,Andrea Middleton,+22144156351173,Female,Aerdna Street 50,1999-04-21,3920358
ST00936,Diane Brandt,+22113719643288,Male,Enaid Street 84,1998-12-20,4791632
ST00937,Ferdinand Brandt,+22117547269416,Female,Dnanidref Street 82,1992-10-03,4190719
ST00938,Fritz Ray,+22147491279364,Female,Ztirf Street 14,1991-12-10,4034751
ST00939,Holly Choi,+22136117799826,Male,Ylloh Street 54,1998-01-20,4663210
ST00940,Jerald Hudson,+22154483122889,Female,Dlarej Street 61,2004-12-24,2297205
ST00941,Christoper Gonzalez,+22141329638145,Female,Repotsirhc Street 12,2004-11-20,3083666
ST00942,Julius Garrison,+22168333193752,Female,Suiluj Street 76,1993-06-05,4618895
ST00943,Carlene Singleton,+22141199253795,Male,Enelrac Street 78,1994-08-10,2472742
ST00944,Lola Novak,+22127416216687,Male,Alol Street 66,1993-11-06,3179958
ST00945,Adeline Farrell,+22197348986673,Male,Enileda Street 30,1998-10-12,4110497
ST00946,Parker Avila,+22158578764773,Female,Rekrap Street 1,1996-12-01,4075464
ST00947,Penelope Haney,+22151153717295,Female,Epolenep Street 69,1997-03-21,4000509
ST00948,Carol Galloway,+22113285443291,Male,Lorac Street 30,2002-07-14,2254818
ST00949,Brandon Murphy,+22174553561147,Male,Nodnarb Street 72,1998-11-04,2860618
ST00950,Norbert Hines,+22113573166754,Female,Trebron Street 75,2001-03-20,2415417
ST00951,Elias Andrews,+22123598478813,Male,Saile Street 38,2003-09-17,2193248
ST00952,Anna Johns,+22169831961175,Female,Anna Street 46,1993-01-04,4989392
ST00953,Marlon Compton,+22187739357447,Female,Nolram Street 77,1992-03-20,2747144
ST00954,Millie Howard,+22172826696549,Male,Eillim Street 59,2003-11-06,4062231
ST00955,Beulah James,+22138382778828,Male,Halueb Street 93,2004-03-22,4405698
ST00956,Mae Petty,+22195563346482,Male,Eam Street 79,2003-03-27,3491740
ST00957,Jake Anderson,+22195763572724,Female,Ekaj Street 23,1992-03-09,2026803
ST00958,Gil Mcfarland,+22163588972518,Male,Lig Street 67,1991-10-11,2195590
ST00959,Burl Branch,+22115884686893,Female,Lrub Street 13,2004-07-04,4314512
ST00960,Isaac Hickman,+22139858719646,Male,Caasi Street 20,1997-05-11,4376610
ST00961,Marlin Guerra,+22124683153858,Male,Nilram Street 69,1992-02-16,2573956
ST00962,Dion Cobb,+22182636154287,Female,Noid Street 77,1994-07-16,2385484
ST00963,Meagan Harrell,+22152173196154,Female,Nagaem Street 40,1992-08-03,3698631
ST00964,Carissa Summers,+22176114151259,Male,Assirac Street 60,2002-05-22,3757360
ST00965,Jean Bender,+22132296444795,Female,Naej Street 61,1993-09-06,2753641
ST00966,Katheryn Powers,+22189474221562,Male,Nyrehtak Street 68,1996-06-26,3133959
ST00967,Shawna Gutierrez,+22112837543754,Female,Anwahs Street 85,1992-03-26,3974392
ST00968,Pierre Beasley,+22116839117579,Female,Erreip Street 2,1999-09-11,4114076
ST00969,Imogene Hardy,+22149774886197,Female,Enegomi Street 93,2002-11-01,4911528
ST00970,Hal Simpson,+22186447783717,Female,Lah Street 26,1994-12-06,3722568
ST00971,Jeanine Gonzalez,+22167985758939,Female,Eninaej Street 76,1993-06-14,4287232
ST00972,Angela Duarte,+22188441266186,Male,Alegna Street 6,2000-09-15,4694421
ST00973,Lakeisha Conway,+22173771141816,Female,Ahsiekal Street 69,1996-07-09,3270444
ST00974,Kate Young,+22129431377182,Female,Etak Street 53,1995-08-04,3201200
ST00975,Katharine Holder,+22112494993387,Female,Enirahtak Street 97,1990-07-23,2107799
ST00976,August Huber,+22126269177475,Female,Tsugua Street 60,1997-12-13,4847515
ST00977,Elnora Perez,+22154682151638,Female,Aronle Street 11,1991-09-23,3030095
ST00978,Nina King,+22188473433349,Male,Anin Street 6,2004-09-12,4750573
ST00979,Horace Carson,+22121516527957,Female,Ecaroh Street 94,2001-01-23,2311043
ST00980,Bennett Mejia,+22144469496354,Male,Ttenneb Street 37,1992-05-10,3431613
ST00981,Cesar Greer,+22132432345567,Female,Rasec Street 5,1995-10-12,4066772
ST00982,Geneva Blake,+22132731271723,Male,Aveneg Street 30,1995-01-28,3254459
ST00983,Houston Suarez,+22133519574344,Male,Notsuoh Street 92,2004-08-11,3212007
ST00984,Estelle Mclean,+22185922535659,Male,Elletse Street 16,1999-02-11,4839398
ST00985,Elwood Avery,+22142275499687,Female,Doowle Street 91,1990-10-01,2923943
ST00986,Sung Gilmore,+22142721645781,Female,Gnus Street 46,1993-05-24,3036226
ST00987,Leann Lin,+22112369577532,Male,Nnael Street 78,2002-07-07,4518797
ST00988,Ramon Newman,+22111136883233,Male,Nomar Street 100,1991-11-23,4406666
ST00989,Margaret Horn,+22184425666122,Female,Teragram Street 54,2002-05-19,4822686
ST00990,Sondra Bates,+22186897874494,Female,Ardnos Street 83,1997-05-17,4604867
ST00991,Liza Keller,+22169674993222,Male,Azil Street 25,1996-10-19,4194472
ST00992,Jeffery Schroeder,+22195896129688,Male,Yreffej Street 14,1992-07-25,2488166
ST00993,Debbie Macias,+22199891281448,Male,Eibbed Street 8,2004-06-22,3989343
ST00994,Vonda Mcpherson,+22115544528314,Male,Adnov Street 9,1998-04-06,2002706
ST00995,Herman Long,+22115579966496,Male,Namreh Street 70,2001-09-16,3678759
ST00996,Monte Trevino,+22137528971495,Male,Etnom Street 59,1994-12-10,4621423
ST00997,Margery Richmond,+22151538266124,Female,Yregram Street 33,1998-10-11,2551691
ST00998,Gus Waller,+22111383317845,Male,Sug Street 83,2000-05-09,4035690
ST00999,Annabelle Ali,+22179148541587,Male,Ellebanna Street 41,1991-07-14,2907866
ST01000,Charmaine Burns,+22165222685569,Female,Eniamrahc Street 58,1992-07-28,2000001
